fecha,dolar_oficial
2002-03-04,2.0
2002-03-05,2.0
2002-03-06,2.0
2002-03-07,2.1
2002-03-08,2.2
2002-03-11,2.2
2002-03-12,2.4
2002-03-13,2.3
2002-03-14,2.4
2002-03-15,2.3
2002-03-18,2.3
2002-03-19,2.4
2002-03-20,2.4
2002-03-21,2.4
2002-03-22,2.6
2002-03-25,3.2
2002-03-26,3.0
2002-03-27,2.9
2002-04-02,2.9
2002-04-03,2.9
2002-04-04,2.8
2002-04-05,2.7
2002-04-08,2.7
2002-04-09,2.8
2002-04-10,2.8
2002-04-11,2.8
2002-04-12,2.9
2002-04-15,2.9
2002-04-16,2.9
2002-04-17,2.8
2002-04-18,2.9
2002-04-19,3.1
2002-04-29,3.0
2002-04-30,2.9
2002-05-02,3.0
2002-05-03,3.2
2002-05-06,3.2
2002-05-07,3.2
2002-05-08,3.2
2002-05-09,3.2
2002-05-10,3.2
2002-05-13,3.3
2002-05-14,3.3
2002-05-15,3.2
2002-05-16,3.2
2002-05-17,3.3
2002-05-20,3.5
2002-05-21,3.5
2002-05-22,3.4
2002-05-23,3.4
2002-05-24,3.4
2002-05-27,3.5
2002-05-28,3.5
2002-05-29,3.5
2002-05-30,3.6
2002-05-31,3.6
2002-06-03,3.6
2002-06-04,3.6
2002-06-05,3.6
2002-06-06,3.6
2002-06-07,3.6
2002-06-10,3.5
2002-06-11,3.5
2002-06-12,3.5
2002-06-13,3.5
2002-06-14,3.5
2002-06-18,3.5
2002-06-19,3.5
2002-06-20,3.6
2002-06-21,3.6
2002-06-24,3.7
2002-06-25,3.9
2002-06-26,3.9
2002-06-27,3.8
2002-06-28,3.8
2002-07-01,3.8
2002-07-02,3.7
2002-07-03,3.6
2002-07-04,3.6
2002-07-05,3.6
2002-07-08,3.5
2002-07-10,3.5
2002-07-11,3.6
2002-07-12,3.6
2002-07-15,3.6
2002-07-16,3.6
2002-07-17,3.5
2002-07-18,3.5
2002-07-19,3.6
2002-07-22,3.6
2002-07-23,3.6
2002-07-24,3.6
2002-07-25,3.6
2002-07-26,3.7
2002-07-29,3.6
2002-07-30,3.6
2002-07-31,3.7
2002-08-01,3.6
2002-08-02,3.6
2002-08-05,3.6
2002-08-06,3.6
2002-08-07,3.6
2002-08-08,3.6
2002-08-09,3.6
2002-08-12,3.6
2002-08-13,3.6
2002-08-14,3.6
2002-08-15,3.6
2002-08-16,3.6
2002-08-20,3.6
2002-08-21,3.6
2002-08-22,3.6
2002-08-23,3.6
2002-08-26,3.6
2002-08-27,3.6
2002-08-28,3.6
2002-08-29,3.6
2002-08-30,3.6
2002-09-02,3.6
2002-09-03,3.6
2002-09-04,3.6
2002-09-05,3.6
2002-09-06,3.6
2002-09-09,3.6
2002-09-10,3.6
2002-09-11,3.6
2002-09-12,3.6
2002-09-13,3.6
2002-09-16,3.6
2002-09-17,3.6
2002-09-18,3.6
2002-09-19,3.6
2002-09-20,3.7
2002-09-23,3.6
2002-09-24,3.7
2002-09-25,3.7
2002-09-26,3.7
2002-09-27,3.7
2002-09-30,3.7
2002-10-01,3.7
2002-10-02,3.8
2002-10-03,3.8
2002-10-04,3.7
2002-10-07,3.8
2002-10-08,3.7
2002-10-09,3.7
2002-10-10,3.7
2002-10-11,3.7
2002-10-15,3.7
2002-10-16,3.6
2002-10-17,3.6
2002-10-18,3.6
2002-10-21,3.6
2002-10-22,3.6
2002-10-23,3.6
2002-10-24,3.6
2002-10-25,3.6
2002-10-28,3.6
2002-10-29,3.6
2002-10-30,3.5
2002-10-31,3.5
2002-11-01,3.5
2002-11-04,3.5
2002-11-05,3.5
2002-11-07,3.5
2002-11-08,3.5
2002-11-11,3.5
2002-11-12,3.5
2002-11-13,3.5
2002-11-14,3.5
2002-11-15,3.5
2002-11-18,3.5
2002-11-19,3.5
2002-11-20,3.5
2002-11-21,3.5
2002-11-22,3.5
2002-11-25,3.5
2002-11-26,3.5
2002-11-27,3.5
2002-11-28,3.5
2002-11-29,3.6
2002-12-02,3.6
2002-12-03,3.5
2002-12-04,3.5
2002-12-05,3.5
2002-12-06,3.5
2002-12-09,3.5
2002-12-10,3.5
2002-12-11,3.5
2002-12-12,3.5
2002-12-13,3.5
2002-12-16,3.5
2002-12-17,3.5
2002-12-18,3.5
2002-12-19,3.5
2002-12-20,3.5
2002-12-23,3.5
2002-12-24,3.5
2002-12-26,3.4
2002-12-27,3.4
2002-12-30,3.4
2002-12-31,3.4
2003-01-02,3.4
2003-01-03,3.3
2003-01-06,3.3
2003-01-07,3.3
2003-01-08,3.3
2003-01-09,3.3
2003-01-10,3.4
2003-01-13,3.4
2003-01-14,3.3
2003-01-15,3.2
2003-01-16,3.2
2003-01-17,3.2
2003-01-20,3.2
2003-01-21,3.1
2003-01-22,3.1
2003-01-23,3.1
2003-01-24,3.2
2003-01-27,3.3
2003-01-28,3.3
2003-01-29,3.3
2003-01-30,3.2
2003-01-31,3.2
2003-02-03,3.2
2003-02-04,3.2
2003-02-05,3.1
2003-02-06,3.1
2003-02-07,3.1
2003-02-10,3.1
2003-02-11,3.1
2003-02-12,3.1
2003-02-13,3.1
2003-02-14,3.2
2003-02-17,3.2
2003-02-18,3.2
2003-02-19,3.2
2003-02-20,3.2
2003-02-21,3.2
2003-02-24,3.2
2003-02-25,3.1
2003-02-26,3.2
2003-02-27,3.2
2003-02-28,3.2
2003-03-03,3.2
2003-03-04,3.2
2003-03-05,3.2
2003-03-06,3.2
2003-03-07,3.2
2003-03-10,3.1
2003-03-11,3.1
2003-03-12,3.1
2003-03-13,3.1
2003-03-14,3.1
2003-03-17,3.1
2003-03-18,3.1
2003-03-19,3.0
2003-03-20,3.0
2003-03-21,3.0
2003-03-24,3.0
2003-03-25,2.9
2003-03-26,2.9
2003-03-27,2.9
2003-03-28,3.0
2003-04-01,3.0
2003-04-02,2.9
2003-04-03,2.9
2003-04-04,2.9
2003-04-07,2.9
2003-04-08,2.9
2003-04-09,2.9
2003-04-10,2.9
2003-04-11,2.9
2003-04-14,2.9
2003-04-15,3.0
2003-04-16,2.9
2003-04-21,2.9
2003-04-22,2.9
2003-04-23,2.8
2003-04-24,2.9
2003-04-25,2.9
2003-04-28,2.9
2003-04-29,2.9
2003-04-30,2.8
2003-05-02,2.8
2003-05-05,2.8
2003-05-06,2.8
2003-05-07,2.8
2003-05-08,2.8
2003-05-09,2.8
2003-05-12,2.8
2003-05-13,2.8
2003-05-14,2.8
2003-05-15,2.8
2003-05-16,2.9
2003-05-19,3.0
2003-05-20,2.9
2003-05-21,2.9
2003-05-22,2.8
2003-05-23,2.9
2003-05-26,2.9
2003-05-27,2.9
2003-05-28,2.9
2003-05-29,2.9
2003-05-30,2.9
2003-06-02,2.9
2003-06-03,2.8
2003-06-04,2.8
2003-06-05,2.8
2003-06-06,2.8
2003-06-09,2.8
2003-06-10,2.8
2003-06-11,2.8
2003-06-12,2.8
2003-06-13,2.8
2003-06-17,2.8
2003-06-18,2.8
2003-06-19,2.8
2003-06-20,2.8
2003-06-23,2.8
2003-06-24,2.8
2003-06-25,2.8
2003-06-26,2.8
2003-06-27,2.8
2003-06-30,2.8
2003-07-01,2.8
2003-07-02,2.8
2003-07-03,2.8
2003-07-04,2.8
2003-07-07,2.8
2003-07-08,2.8
2003-07-10,2.8
2003-07-11,2.8
2003-07-14,2.8
2003-07-15,2.8
2003-07-16,2.8
2003-07-17,2.8
2003-07-18,2.8
2003-07-21,2.8
2003-07-22,2.8
2003-07-23,2.8
2003-07-24,2.8
2003-07-25,2.8
2003-07-28,2.8
2003-07-29,2.8
2003-07-30,2.9
2003-07-31,2.9
2003-08-01,2.9
2003-08-04,3.0
2003-08-05,2.9
2003-08-06,2.9
2003-08-07,2.9
2003-08-08,2.9
2003-08-11,2.9
2003-08-12,2.9
2003-08-13,2.9
2003-08-14,2.9
2003-08-15,2.9
2003-08-19,2.9
2003-08-20,2.9
2003-08-21,2.9
2003-08-22,3.0
2003-08-25,2.9
2003-08-26,2.9
2003-08-27,3.0
2003-08-28,3.0
2003-08-29,3.0
2003-09-01,3.0
2003-09-02,3.0
2003-09-03,3.0
2003-09-04,3.0
2003-09-05,2.9
2003-09-08,2.9
2003-09-09,3.0
2003-09-10,2.9
2003-09-11,2.9
2003-09-12,2.9
2003-09-15,2.9
2003-09-16,2.9
2003-09-17,2.9
2003-09-18,2.9
2003-09-19,2.9
2003-09-22,2.9
2003-09-23,2.9
2003-09-24,2.9
2003-09-25,2.9
2003-09-26,2.9
2003-09-29,2.9
2003-09-30,2.9
2003-10-01,2.9
2003-10-02,2.9
2003-10-03,2.9
2003-10-06,2.9
2003-10-07,2.9
2003-10-08,2.9
2003-10-09,2.9
2003-10-10,2.8
2003-10-14,2.8
2003-10-15,2.8
2003-10-16,2.8
2003-10-17,2.9
2003-10-20,2.9
2003-10-21,2.9
2003-10-22,2.9
2003-10-23,2.9
2003-10-24,2.8
2003-10-27,2.8
2003-10-28,2.9
2003-10-29,2.9
2003-10-30,2.9
2003-10-31,2.9
2003-11-03,2.9
2003-11-04,2.9
2003-11-05,2.9
2003-11-07,2.9
2003-11-10,2.9
2003-11-11,2.9
2003-11-12,2.9
2003-11-13,2.9
2003-11-14,2.9
2003-11-17,2.9
2003-11-18,2.9
2003-11-19,2.9
2003-11-20,2.9
2003-11-21,2.9
2003-11-24,2.9
2003-11-25,2.9
2003-11-26,2.9
2003-11-27,3.0
2003-11-28,3.0
2003-12-01,3.0
2003-12-02,3.0
2003-12-03,3.0
2003-12-04,3.0
2003-12-05,3.0
2003-12-09,3.0
2003-12-10,2.9
2003-12-11,3.0
2003-12-12,3.0
2003-12-15,3.0
2003-12-16,3.0
2003-12-17,3.0
2003-12-18,3.0
2003-12-19,3.0
2003-12-22,3.0
2003-12-23,3.0
2003-12-24,3.0
2003-12-26,3.0
2003-12-29,3.0
2003-12-30,2.9
2003-12-31,2.9
2004-01-02,2.9
2004-01-05,2.9
2004-01-06,2.9
2004-01-07,2.9
2004-01-08,2.9
2004-01-09,2.9
2004-01-12,2.9
2004-01-13,2.9
2004-01-14,2.9
2004-01-15,2.9
2004-01-16,2.9
2004-01-19,2.9
2004-01-20,2.9
2004-01-21,2.9
2004-01-22,2.9
2004-01-23,2.9
2004-01-26,2.9
2004-01-27,2.9
2004-01-28,2.9
2004-01-29,2.9
2004-01-30,2.9
2004-02-02,2.9
2004-02-03,2.9
2004-02-04,2.9
2004-02-05,3.0
2004-02-06,3.0
2004-02-09,2.9
2004-02-10,2.9
2004-02-11,2.9
2004-02-12,2.9
2004-02-13,2.9
2004-02-16,2.9
2004-02-17,2.9
2004-02-18,2.9
2004-02-19,2.9
2004-02-20,2.9
2004-02-23,2.9
2004-02-24,2.9
2004-02-25,2.9
2004-02-26,2.9
2004-02-27,2.9
2004-03-01,2.9
2004-03-02,2.9
2004-03-03,2.9
2004-03-04,2.9
2004-03-05,2.9
2004-03-08,2.9
2004-03-09,2.9
2004-03-10,2.9
2004-03-11,2.9
2004-03-12,2.9
2004-03-15,2.9
2004-03-16,2.9
2004-03-17,2.9
2004-03-18,2.9
2004-03-19,2.9
2004-03-22,2.9
2004-03-23,2.9
2004-03-24,2.9
2004-03-25,2.9
2004-03-26,2.9
2004-03-29,2.9
2004-03-30,2.9
2004-03-31,2.9
2004-04-01,2.9
2004-04-02,2.9
2004-04-06,2.8
2004-04-07,2.8
2004-04-12,2.8
2004-04-13,2.8
2004-04-14,2.8
2004-04-15,2.8
2004-04-16,2.8
2004-04-19,2.8
2004-04-20,2.8
2004-04-21,2.9
2004-04-22,2.9
2004-04-23,2.9
2004-04-26,2.8
2004-04-27,2.8
2004-04-28,2.9
2004-04-29,2.9
2004-04-30,2.9
2004-05-03,2.8
2004-05-04,2.9
2004-05-05,2.9
2004-05-06,2.9
2004-05-07,2.9
2004-05-10,3.0
2004-05-11,2.9
2004-05-12,2.9
2004-05-13,2.9
2004-05-14,2.9
2004-05-17,2.9
2004-05-18,2.9
2004-05-19,2.9
2004-05-20,2.9
2004-05-21,3.0
2004-05-24,3.0
2004-05-26,3.0
2004-05-27,3.0
2004-05-28,3.0
2004-05-31,3.0
2004-06-01,3.0
2004-06-02,3.0
2004-06-03,3.0
2004-06-04,3.0
2004-06-07,3.0
2004-06-08,3.0
2004-06-09,3.0
2004-06-10,3.0
2004-06-11,3.0
2004-06-14,3.0
2004-06-15,3.0
2004-06-16,3.0
2004-06-17,3.0
2004-06-18,3.0
2004-06-22,3.0
2004-06-23,3.0
2004-06-24,2.9
2004-06-25,3.0
2004-06-28,3.0
2004-06-29,3.0
2004-06-30,3.0
2004-07-01,3.0
2004-07-02,3.0
2004-07-05,3.0
2004-07-06,2.9
2004-07-07,2.9
2004-07-08,3.0
2004-07-12,3.0
2004-07-13,3.0
2004-07-14,3.0
2004-07-15,3.0
2004-07-16,2.9
2004-07-19,2.9
2004-07-20,3.0
2004-07-21,3.0
2004-07-22,3.0
2004-07-23,3.0
2004-07-26,3.0
2004-07-27,3.0
2004-07-28,3.0
2004-07-29,3.0
2004-07-30,3.0
2004-08-02,3.0
2004-08-03,3.0
2004-08-04,3.0
2004-08-05,3.0
2004-08-06,3.1
2004-08-09,3.0
2004-08-10,3.0
2004-08-11,3.0
2004-08-12,3.0
2004-08-13,3.0
2004-08-17,3.0
2004-08-18,3.0
2004-08-19,3.0
2004-08-20,3.0
2004-08-23,3.0
2004-08-24,3.0
2004-08-25,3.0
2004-08-26,3.0
2004-08-27,3.0
2004-08-30,3.0
2004-08-31,3.0
2004-09-01,3.0
2004-09-02,3.0
2004-09-03,3.0
2004-09-06,3.0
2004-09-07,3.0
2004-09-08,3.0
2004-09-09,3.0
2004-09-10,3.0
2004-09-13,3.0
2004-09-14,3.0
2004-09-15,3.0
2004-09-16,3.0
2004-09-17,3.0
2004-09-20,3.0
2004-09-21,3.0
2004-09-22,3.0
2004-09-23,3.0
2004-09-24,3.0
2004-09-27,3.0
2004-09-28,3.0
2004-09-29,3.0
2004-09-30,3.0
2004-10-01,3.0
2004-10-04,3.0
2004-10-05,3.0
2004-10-06,3.0
2004-10-07,3.0
2004-10-08,3.0
2004-10-12,3.0
2004-10-13,3.0
2004-10-14,3.0
2004-10-15,3.0
2004-10-18,3.0
2004-10-19,3.0
2004-10-20,3.0
2004-10-21,3.0
2004-10-22,3.0
2004-10-25,3.0
2004-10-26,3.0
2004-10-27,3.0
2004-10-28,3.0
2004-10-29,3.0
2004-11-01,3.0
2004-11-02,3.0
2004-11-03,3.0
2004-11-04,3.0
2004-11-05,3.0
2004-11-08,3.0
2004-11-09,3.0
2004-11-10,3.0
2004-11-11,3.0
2004-11-12,3.0
2004-11-15,3.0
2004-11-16,3.0
2004-11-17,2.9
2004-11-18,2.9
2004-11-19,2.9
2004-11-22,3.0
2004-11-23,3.0
2004-11-24,2.9
2004-11-25,2.9
2004-11-26,2.9
2004-11-29,3.0
2004-11-30,3.0
2004-12-01,2.9
2004-12-02,3.0
2004-12-03,3.0
2004-12-06,3.0
2004-12-07,3.0
2004-12-09,3.0
2004-12-10,3.0
2004-12-13,3.0
2004-12-14,3.0
2004-12-15,3.0
2004-12-16,3.0
2004-12-17,3.0
2004-12-20,3.0
2004-12-21,3.0
2004-12-22,3.0
2004-12-23,3.0
2004-12-24,3.0
2004-12-27,3.0
2004-12-28,3.0
2004-12-29,3.0
2004-12-30,3.0
2004-12-31,3.0
2005-01-03,3.0
2005-01-04,3.0
2005-01-05,3.0
2005-01-06,3.0
2005-01-07,3.0
2005-01-10,3.0
2005-01-11,3.0
2005-01-12,3.0
2005-01-13,2.9
2005-01-14,2.9
2005-01-17,2.9
2005-01-18,2.9
2005-01-19,2.9
2005-01-20,2.9
2005-01-21,2.9
2005-01-24,2.9
2005-01-25,2.9
2005-01-26,2.9
2005-01-27,2.9
2005-01-28,2.9
2005-01-31,2.9
2005-02-01,2.9
2005-02-02,2.9
2005-02-03,2.9
2005-02-04,2.9
2005-02-07,2.9
2005-02-08,2.9
2005-02-09,2.9
2005-02-10,2.9
2005-02-11,2.9
2005-02-14,2.9
2005-02-15,2.9
2005-02-16,2.9
2005-02-17,2.9
2005-02-18,2.9
2005-02-21,2.9
2005-02-22,2.9
2005-02-23,2.9
2005-02-24,2.9
2005-02-25,2.9
2005-02-28,2.9
2005-03-01,2.9
2005-03-02,3.0
2005-03-03,3.0
2005-03-04,2.9
2005-03-07,2.9
2005-03-08,2.9
2005-03-09,2.9
2005-03-10,2.9
2005-03-11,2.9
2005-03-14,2.9
2005-03-15,2.9
2005-03-16,2.9
2005-03-17,2.9
2005-03-18,2.9
2005-03-21,2.9
2005-03-22,2.9
2005-03-23,2.9
2005-03-28,2.9
2005-03-29,2.9
2005-03-30,2.9
2005-03-31,2.9
2005-04-01,2.9
2005-04-04,2.9
2005-04-05,2.9
2005-04-06,2.9
2005-04-07,2.9
2005-04-08,2.9
2005-04-11,2.9
2005-04-12,2.9
2005-04-13,2.9
2005-04-14,2.9
2005-04-15,2.9
2005-04-18,2.9
2005-04-19,2.9
2005-04-20,2.9
2005-04-21,2.9
2005-04-22,2.9
2005-04-25,2.9
2005-04-26,2.9
2005-04-27,2.9
2005-04-28,2.9
2005-04-29,2.9
2005-05-02,2.9
2005-05-03,2.9
2005-05-04,2.9
2005-05-05,2.9
2005-05-06,2.9
2005-05-09,2.9
2005-05-10,2.9
2005-05-11,2.9
2005-05-12,2.9
2005-05-13,2.9
2005-05-16,2.9
2005-05-17,2.9
2005-05-18,2.9
2005-05-19,2.9
2005-05-20,2.9
2005-05-23,2.9
2005-05-24,2.9
2005-05-26,2.9
2005-05-27,2.9
2005-05-30,2.9
2005-05-31,2.9
2005-06-01,2.9
2005-06-02,2.9
2005-06-03,2.9
2005-06-06,2.9
2005-06-07,2.9
2005-06-08,2.9
2005-06-09,2.9
2005-06-10,2.9
2005-06-13,2.9
2005-06-14,2.9
2005-06-15,2.9
2005-06-16,2.9
2005-06-17,2.9
2005-06-21,2.9
2005-06-22,2.9
2005-06-23,2.9
2005-06-24,2.9
2005-06-27,2.9
2005-06-28,2.9
2005-06-29,2.9
2005-06-30,2.9
2005-07-01,2.9
2005-07-04,2.9
2005-07-05,2.9
2005-07-06,2.9
2005-07-07,2.9
2005-07-08,2.9
2005-07-11,2.9
2005-07-12,2.9
2005-07-13,2.9
2005-07-14,2.9
2005-07-15,2.9
2005-07-18,2.9
2005-07-19,2.9
2005-07-20,2.9
2005-07-21,2.9
2005-07-22,2.9
2005-07-25,2.9
2005-07-26,2.9
2005-07-27,2.9
2005-07-28,2.9
2005-07-29,2.9
2005-08-01,2.9
2005-08-02,2.9
2005-08-03,2.9
2005-08-04,2.9
2005-08-05,2.9
2005-08-08,2.9
2005-08-09,2.9
2005-08-10,2.9
2005-08-11,2.9
2005-08-12,2.9
2005-08-16,2.9
2005-08-17,2.9
2005-08-18,2.9
2005-08-19,2.9
2005-08-22,2.9
2005-08-23,2.9
2005-08-24,2.9
2005-08-25,2.9
2005-08-26,2.9
2005-08-29,2.9
2005-08-30,2.9
2005-08-31,2.9
2005-09-01,2.9
2005-09-02,2.9
2005-09-05,2.9
2005-09-06,2.9
2005-09-07,2.9
2005-09-08,2.9
2005-09-09,2.9
2005-09-12,2.9
2005-09-13,2.9
2005-09-14,2.9
2005-09-15,2.9
2005-09-16,2.9
2005-09-19,2.9
2005-09-20,2.9
2005-09-21,2.9
2005-09-22,2.9
2005-09-23,2.9
2005-09-26,2.9
2005-09-27,2.9
2005-09-28,2.9
2005-09-29,2.9
2005-09-30,2.9
2005-10-03,2.9
2005-10-04,2.9
2005-10-05,2.9
2005-10-06,2.9
2005-10-07,2.9
2005-10-11,2.9
2005-10-12,3.0
2005-10-13,3.0
2005-10-14,3.0
2005-10-17,3.0
2005-10-18,3.0
2005-10-19,3.0
2005-10-20,3.0
2005-10-21,3.0
2005-10-24,3.0
2005-10-25,3.0
2005-10-26,3.0
2005-10-27,3.0
2005-10-28,3.0
2005-10-31,3.0
2005-11-01,3.0
2005-11-02,3.0
2005-11-03,3.0
2005-11-04,3.0
2005-11-07,3.0
2005-11-08,3.0
2005-11-09,3.0
2005-11-10,3.0
2005-11-11,3.0
2005-11-14,3.0
2005-11-15,3.0
2005-11-16,3.0
2005-11-17,3.0
2005-11-18,2.9
2005-11-21,2.9
2005-11-22,2.9
2005-11-23,3.0
2005-11-24,3.0
2005-11-25,3.0
2005-11-28,3.0
2005-11-29,3.0
2005-11-30,3.0
2005-12-01,3.0
2005-12-02,3.0
2005-12-05,3.0
2005-12-06,3.0
2005-12-07,3.0
2005-12-09,3.0
2005-12-12,3.0
2005-12-13,3.0
2005-12-14,3.0
2005-12-15,3.0
2005-12-16,3.0
2005-12-19,3.0
2005-12-20,3.0
2005-12-21,3.0
2005-12-22,3.0
2005-12-23,3.0
2005-12-26,3.0
2005-12-27,3.0
2005-12-28,3.0
2005-12-29,3.0
2005-12-30,3.0
2005-12-31,3.0
2006-01-02,3.0
2006-01-03,3.0
2006-01-04,3.0
2006-01-05,3.0
2006-01-06,3.0
2006-01-09,3.1
2006-01-10,3.1
2006-01-11,3.0
2006-01-12,3.0
2006-01-13,3.0
2006-01-16,3.0
2006-01-17,3.0
2006-01-18,3.0
2006-01-19,3.0
2006-01-20,3.0
2006-01-23,3.0
2006-01-24,3.0
2006-01-25,3.0
2006-01-26,3.0
2006-01-27,3.0
2006-01-30,3.1
2006-01-31,3.1
2006-02-01,3.1
2006-02-02,3.1
2006-02-03,3.1
2006-02-06,3.1
2006-02-07,3.1
2006-02-08,3.1
2006-02-09,3.1
2006-02-10,3.1
2006-02-13,3.1
2006-02-14,3.1
2006-02-15,3.1
2006-02-16,3.1
2006-02-17,3.1
2006-02-20,3.1
2006-02-21,3.1
2006-02-22,3.1
2006-02-23,3.1
2006-02-24,3.1
2006-02-27,3.1
2006-02-28,3.1
2006-03-01,3.1
2006-03-02,3.1
2006-03-03,3.1
2006-03-06,3.1
2006-03-07,3.1
2006-03-08,3.1
2006-03-09,3.1
2006-03-10,3.1
2006-03-13,3.1
2006-03-14,3.1
2006-03-15,3.1
2006-03-16,3.1
2006-03-17,3.1
2006-03-20,3.1
2006-03-21,3.1
2006-03-22,3.1
2006-03-23,3.1
2006-03-27,3.1
2006-03-28,3.1
2006-03-29,3.1
2006-03-30,3.1
2006-03-31,3.1
2006-04-03,3.1
2006-04-04,3.1
2006-04-05,3.1
2006-04-06,3.1
2006-04-07,3.1
2006-04-10,3.1
2006-04-11,3.1
2006-04-12,3.1
2006-04-17,3.1
2006-04-18,3.1
2006-04-19,3.1
2006-04-20,3.1
2006-04-21,3.1
2006-04-24,3.0
2006-04-25,3.0
2006-04-26,3.0
2006-04-27,3.0
2006-04-28,3.0
2006-05-02,3.0
2006-05-03,3.0
2006-05-04,3.0
2006-05-05,3.0
2006-05-08,3.0
2006-05-09,3.0
2006-05-10,3.0
2006-05-11,3.0
2006-05-12,3.0
2006-05-15,3.0
2006-05-16,3.0
2006-05-17,3.0
2006-05-18,3.0
2006-05-19,3.1
2006-05-22,3.1
2006-05-23,3.1
2006-05-24,3.1
2006-05-26,3.1
2006-05-29,3.1
2006-05-30,3.1
2006-05-31,3.1
2006-06-01,3.1
2006-06-02,3.1
2006-06-05,3.1
2006-06-06,3.1
2006-06-07,3.1
2006-06-08,3.1
2006-06-09,3.1
2006-06-12,3.1
2006-06-13,3.1
2006-06-14,3.1
2006-06-15,3.1
2006-06-16,3.1
2006-06-20,3.1
2006-06-21,3.1
2006-06-22,3.1
2006-06-23,3.1
2006-06-26,3.1
2006-06-27,3.1
2006-06-28,3.1
2006-06-29,3.1
2006-06-30,3.1
2006-07-03,3.1
2006-07-04,3.1
2006-07-05,3.1
2006-07-06,3.1
2006-07-07,3.1
2006-07-10,3.1
2006-07-11,3.1
2006-07-12,3.1
2006-07-13,3.1
2006-07-14,3.1
2006-07-17,3.1
2006-07-18,3.1
2006-07-19,3.1
2006-07-20,3.1
2006-07-21,3.1
2006-07-24,3.1
2006-07-25,3.1
2006-07-26,3.1
2006-07-27,3.1
2006-07-28,3.1
2006-07-31,3.1
2006-08-01,3.1
2006-08-02,3.1
2006-08-03,3.1
2006-08-04,3.1
2006-08-07,3.1
2006-08-08,3.1
2006-08-09,3.1
2006-08-10,3.1
2006-08-11,3.1
2006-08-14,3.1
2006-08-15,3.1
2006-08-16,3.1
2006-08-17,3.1
2006-08-18,3.1
2006-08-22,3.1
2006-08-23,3.1
2006-08-24,3.1
2006-08-25,3.1
2006-08-28,3.1
2006-08-29,3.1
2006-08-30,3.1
2006-08-31,3.1
2006-09-01,3.1
2006-09-04,3.1
2006-09-05,3.1
2006-09-06,3.1
2006-09-07,3.1
2006-09-08,3.1
2006-09-11,3.1
2006-09-12,3.1
2006-09-13,3.1
2006-09-14,3.1
2006-09-15,3.1
2006-09-18,3.1
2006-09-19,3.1
2006-09-20,3.1
2006-09-21,3.1
2006-09-22,3.1
2006-09-25,3.1
2006-09-26,3.1
2006-09-27,3.1
2006-09-28,3.1
2006-09-29,3.1
2006-10-02,3.1
2006-10-03,3.1
2006-10-04,3.1
2006-10-05,3.1
2006-10-06,3.1
2006-10-09,3.1
2006-10-10,3.1
2006-10-11,3.1
2006-10-12,3.1
2006-10-13,3.1
2006-10-17,3.1
2006-10-18,3.1
2006-10-19,3.1
2006-10-20,3.1
2006-10-23,3.1
2006-10-24,3.1
2006-10-25,3.1
2006-10-26,3.1
2006-10-27,3.1
2006-10-30,3.1
2006-10-31,3.1
2006-11-01,3.1
2006-11-02,3.1
2006-11-03,3.1
2006-11-07,3.1
2006-11-08,3.1
2006-11-09,3.1
2006-11-10,3.1
2006-11-13,3.1
2006-11-14,3.1
2006-11-15,3.1
2006-11-16,3.1
2006-11-17,3.1
2006-11-20,3.1
2006-11-21,3.1
2006-11-22,3.1
2006-11-23,3.1
2006-11-24,3.1
2006-11-27,3.1
2006-11-28,3.1
2006-11-29,3.1
2006-11-30,3.1
2006-12-01,3.1
2006-12-04,3.1
2006-12-05,3.1
2006-12-06,3.1
2006-12-07,3.1
2006-12-11,3.1
2006-12-12,3.1
2006-12-13,3.1
2006-12-14,3.1
2006-12-15,3.1
2006-12-18,3.1
2006-12-19,3.1
2006-12-20,3.0
2006-12-21,3.0
2006-12-22,3.0
2006-12-26,3.1
2006-12-27,3.1
2006-12-28,3.1
2006-12-29,3.1
2007-01-02,3.1
2007-01-03,3.1
2007-01-04,3.1
2007-01-05,3.1
2007-01-08,3.1
2007-01-09,3.1
2007-01-10,3.1
2007-01-11,3.1
2007-01-12,3.1
2007-01-15,3.1
2007-01-16,3.1
2007-01-17,3.1
2007-01-18,3.1
2007-01-19,3.1
2007-01-22,3.1
2007-01-23,3.1
2007-01-24,3.1
2007-01-25,3.1
2007-01-26,3.1
2007-01-29,3.1
2007-01-30,3.1
2007-01-31,3.1
2007-02-01,3.1
2007-02-02,3.1
2007-02-05,3.1
2007-02-06,3.1
2007-02-07,3.1
2007-02-08,3.1
2007-02-09,3.1
2007-02-12,3.1
2007-02-13,3.1
2007-02-14,3.1
2007-02-15,3.1
2007-02-16,3.1
2007-02-19,3.1
2007-02-20,3.1
2007-02-21,3.1
2007-02-22,3.1
2007-02-23,3.1
2007-02-26,3.1
2007-02-27,3.1
2007-02-28,3.1
2007-03-01,3.1
2007-03-02,3.1
2007-03-05,3.1
2007-03-06,3.1
2007-03-07,3.1
2007-03-08,3.1
2007-03-09,3.1
2007-03-12,3.1
2007-03-13,3.1
2007-03-14,3.1
2007-03-15,3.1
2007-03-16,3.1
2007-03-19,3.1
2007-03-20,3.1
2007-03-21,3.1
2007-03-22,3.1
2007-03-23,3.1
2007-03-26,3.1
2007-03-27,3.1
2007-03-28,3.1
2007-03-29,3.1
2007-03-30,3.1
2007-04-03,3.1
2007-04-04,3.1
2007-04-09,3.1
2007-04-10,3.1
2007-04-11,3.1
2007-04-12,3.1
2007-04-13,3.1
2007-04-16,3.1
2007-04-17,3.1
2007-04-18,3.1
2007-04-19,3.1
2007-04-20,3.1
2007-04-23,3.1
2007-04-24,3.1
2007-04-25,3.1
2007-04-26,3.1
2007-04-27,3.1
2007-04-30,3.1
2007-05-02,3.1
2007-05-03,3.1
2007-05-04,3.1
2007-05-07,3.1
2007-05-08,3.1
2007-05-09,3.1
2007-05-10,3.1
2007-05-11,3.1
2007-05-14,3.1
2007-05-15,3.1
2007-05-16,3.1
2007-05-17,3.1
2007-05-18,3.1
2007-05-21,3.1
2007-05-22,3.1
2007-05-23,3.1
2007-05-24,3.1
2007-05-28,3.1
2007-05-29,3.1
2007-05-30,3.1
2007-05-31,3.1
2007-06-01,3.1
2007-06-04,3.1
2007-06-05,3.1
2007-06-06,3.1
2007-06-07,3.1
2007-06-08,3.1
2007-06-11,3.1
2007-06-12,3.1
2007-06-13,3.1
2007-06-14,3.1
2007-06-15,3.1
2007-06-19,3.1
2007-06-20,3.1
2007-06-21,3.1
2007-06-22,3.1
2007-06-25,3.1
2007-06-26,3.1
2007-06-27,3.1
2007-06-28,3.1
2007-06-29,3.1
2007-07-02,3.1
2007-07-03,3.1
2007-07-04,3.1
2007-07-05,3.1
2007-07-06,3.1
2007-07-10,3.1
2007-07-11,3.1
2007-07-12,3.1
2007-07-13,3.1
2007-07-16,3.1
2007-07-17,3.1
2007-07-18,3.1
2007-07-19,3.1
2007-07-20,3.1
2007-07-23,3.1
2007-07-24,3.1
2007-07-25,3.2
2007-07-26,3.1
2007-07-27,3.1
2007-07-30,3.1
2007-07-31,3.1
2007-08-01,3.1
2007-08-02,3.1
2007-08-03,3.1
2007-08-06,3.1
2007-08-07,3.1
2007-08-08,3.1
2007-08-09,3.1
2007-08-10,3.1
2007-08-13,3.1
2007-08-14,3.1
2007-08-15,3.1
2007-08-16,3.2
2007-08-17,3.1
2007-08-21,3.2
2007-08-22,3.2
2007-08-23,3.2
2007-08-24,3.2
2007-08-27,3.2
2007-08-28,3.2
2007-08-29,3.2
2007-08-30,3.2
2007-08-31,3.2
2007-09-03,3.2
2007-09-04,3.2
2007-09-05,3.2
2007-09-06,3.2
2007-09-07,3.2
2007-09-10,3.2
2007-09-11,3.1
2007-09-12,3.1
2007-09-13,3.1
2007-09-14,3.1
2007-09-17,3.1
2007-09-18,3.1
2007-09-19,3.1
2007-09-20,3.1
2007-09-21,3.1
2007-09-24,3.1
2007-09-25,3.1
2007-09-26,3.1
2007-09-27,3.1
2007-09-28,3.1
2007-10-01,3.1
2007-10-02,3.1
2007-10-03,3.1
2007-10-04,3.1
2007-10-05,3.2
2007-10-08,3.2
2007-10-09,3.2
2007-10-10,3.2
2007-10-11,3.2
2007-10-12,3.2
2007-10-16,3.2
2007-10-17,3.2
2007-10-18,3.2
2007-10-19,3.2
2007-10-22,3.2
2007-10-23,3.2
2007-10-24,3.2
2007-10-25,3.2
2007-10-26,3.2
2007-10-29,3.2
2007-10-30,3.1
2007-10-31,3.1
2007-11-01,3.1
2007-11-02,3.1
2007-11-05,3.1
2007-11-07,3.1
2007-11-08,3.1
2007-11-09,3.1
2007-11-12,3.1
2007-11-13,3.1
2007-11-14,3.1
2007-11-15,3.1
2007-11-16,3.1
2007-11-19,3.1
2007-11-20,3.1
2007-11-21,3.1
2007-11-22,3.1
2007-11-23,3.1
2007-11-26,3.1
2007-11-27,3.1
2007-11-28,3.1
2007-11-29,3.1
2007-11-30,3.1
2007-12-03,3.1
2007-12-04,3.1
2007-12-05,3.1
2007-12-06,3.1
2007-12-07,3.1
2007-12-10,3.1
2007-12-11,3.1
2007-12-12,3.1
2007-12-13,3.1
2007-12-14,3.1
2007-12-17,3.1
2007-12-18,3.1
2007-12-19,3.1
2007-12-20,3.1
2007-12-21,3.1
2007-12-26,3.1
2007-12-27,3.1
2007-12-28,3.1
2008-01-02,3.1
2008-01-03,3.1
2008-01-04,3.1
2008-01-07,3.1
2008-01-08,3.1
2008-01-09,3.1
2008-01-10,3.1
2008-01-11,3.1
2008-01-14,3.1
2008-01-15,3.1
2008-01-16,3.1
2008-01-17,3.1
2008-01-18,3.1
2008-01-21,3.2
2008-01-22,3.2
2008-01-23,3.2
2008-01-24,3.1
2008-01-25,3.1
2008-01-28,3.1
2008-01-29,3.1
2008-01-30,3.1
2008-01-31,3.2
2008-02-01,3.1
2008-02-04,3.1
2008-02-05,3.2
2008-02-06,3.2
2008-02-07,3.2
2008-02-08,3.2
2008-02-11,3.2
2008-02-12,3.2
2008-02-13,3.2
2008-02-14,3.1
2008-02-15,3.1
2008-02-18,3.1
2008-02-19,3.1
2008-02-20,3.1
2008-02-21,3.1
2008-02-22,3.1
2008-02-25,3.2
2008-02-26,3.2
2008-02-27,3.2
2008-02-28,3.2
2008-02-29,3.2
2008-03-03,3.2
2008-03-04,3.2
2008-03-05,3.1
2008-03-06,3.1
2008-03-07,3.1
2008-03-10,3.2
2008-03-11,3.1
2008-03-12,3.1
2008-03-13,3.1
2008-03-14,3.1
2008-03-17,3.1
2008-03-18,3.1
2008-03-19,3.1
2008-03-25,3.2
2008-03-26,3.2
2008-03-27,3.2
2008-03-28,3.2
2008-03-31,3.2
2008-04-01,3.2
2008-04-03,3.2
2008-04-04,3.2
2008-04-07,3.2
2008-04-08,3.2
2008-04-09,3.2
2008-04-10,3.2
2008-04-11,3.1
2008-04-14,3.1
2008-04-15,3.2
2008-04-16,3.2
2008-04-17,3.2
2008-04-18,3.2
2008-04-21,3.2
2008-04-22,3.2
2008-04-23,3.2
2008-04-24,3.2
2008-04-25,3.2
2008-04-28,3.2
2008-04-29,3.2
2008-04-30,3.2
2008-05-02,3.2
2008-05-05,3.2
2008-05-06,3.2
2008-05-07,3.2
2008-05-08,3.2
2008-05-09,3.2
2008-05-12,3.2
2008-05-13,3.2
2008-05-14,3.2
2008-05-15,3.2
2008-05-16,3.2
2008-05-19,3.1
2008-05-20,3.1
2008-05-21,3.1
2008-05-22,3.1
2008-05-23,3.1
2008-05-26,3.1
2008-05-27,3.1
2008-05-28,3.1
2008-05-29,3.1
2008-05-30,3.1
2008-06-02,3.1
2008-06-03,3.1
2008-06-04,3.1
2008-06-05,3.1
2008-06-06,3.1
2008-06-09,3.1
2008-06-10,3.1
2008-06-11,3.1
2008-06-12,3.0
2008-06-13,3.0
2008-06-17,3.0
2008-06-18,3.0
2008-06-19,3.0
2008-06-20,3.0
2008-06-23,3.0
2008-06-24,3.0
2008-06-25,3.0
2008-06-26,3.0
2008-06-27,3.0
2008-06-30,3.0
2008-07-01,3.0
2008-07-02,3.0
2008-07-03,3.0
2008-07-04,3.0
2008-07-07,3.0
2008-07-08,3.0
2008-07-10,3.0
2008-07-11,3.0
2008-07-14,3.0
2008-07-15,3.0
2008-07-16,3.0
2008-07-17,3.0
2008-07-18,3.0
2008-07-21,3.0
2008-07-22,3.0
2008-07-23,3.0
2008-07-24,3.0
2008-07-25,3.0
2008-07-28,3.0
2008-07-29,3.0
2008-07-30,3.0
2008-07-31,3.0
2008-08-01,3.0
2008-08-04,3.0
2008-08-05,3.0
2008-08-06,3.0
2008-08-07,3.0
2008-08-08,3.0
2008-08-11,3.0
2008-08-12,3.0
2008-08-13,3.0
2008-08-14,3.0
2008-08-15,3.0
2008-08-19,3.0
2008-08-20,3.0
2008-08-21,3.0
2008-08-22,3.0
2008-08-25,3.0
2008-08-26,3.0
2008-08-27,3.0
2008-08-28,3.0
2008-08-29,3.0
2008-09-01,3.0
2008-09-02,3.0
2008-09-03,3.0
2008-09-04,3.0
2008-09-05,3.0
2008-09-08,3.0
2008-09-09,3.0
2008-09-10,3.1
2008-09-11,3.1
2008-09-12,3.1
2008-09-15,3.1
2008-09-16,3.1
2008-09-17,3.1
2008-09-18,3.1
2008-09-19,3.1
2008-09-22,3.1
2008-09-23,3.1
2008-09-24,3.1
2008-09-25,3.1
2008-09-26,3.1
2008-09-29,3.1
2008-09-30,3.1
2008-10-01,3.1
2008-10-02,3.1
2008-10-03,3.2
2008-10-06,3.2
2008-10-07,3.2
2008-10-08,3.2
2008-10-09,3.2
2008-10-10,3.3
2008-10-14,3.2
2008-10-15,3.2
2008-10-16,3.2
2008-10-17,3.2
2008-10-20,3.2
2008-10-21,3.2
2008-10-22,3.2
2008-10-23,3.2
2008-10-24,3.3
2008-10-27,3.3
2008-10-28,3.3
2008-10-29,3.4
2008-10-30,3.4
2008-10-31,3.4
2008-11-03,3.4
2008-11-04,3.4
2008-11-05,3.3
2008-11-07,3.3
2008-11-10,3.3
2008-11-11,3.3
2008-11-12,3.3
2008-11-13,3.3
2008-11-14,3.3
2008-11-17,3.3
2008-11-18,3.3
2008-11-19,3.3
2008-11-20,3.3
2008-11-21,3.3
2008-11-24,3.3
2008-11-25,3.3
2008-11-26,3.4
2008-11-27,3.4
2008-11-28,3.4
2008-12-01,3.4
2008-12-02,3.4
2008-12-03,3.4
2008-12-04,3.4
2008-12-05,3.5
2008-12-09,3.4
2008-12-10,3.4
2008-12-11,3.4
2008-12-12,3.4
2008-12-15,3.4
2008-12-16,3.4
2008-12-17,3.4
2008-12-18,3.4
2008-12-19,3.4
2008-12-22,3.4
2008-12-23,3.4
2008-12-24,3.4
2008-12-26,3.4
2008-12-29,3.4
2008-12-30,3.5
2008-12-31,3.5
2009-01-02,3.5
2009-01-05,3.5
2009-01-06,3.5
2009-01-07,3.5
2009-01-08,3.5
2009-01-09,3.5
2009-01-12,3.5
2009-01-13,3.5
2009-01-14,3.5
2009-01-15,3.5
2009-01-16,3.5
2009-01-19,3.5
2009-01-20,3.5
2009-01-21,3.5
2009-01-22,3.5
2009-01-23,3.5
2009-01-26,3.5
2009-01-27,3.5
2009-01-28,3.5
2009-01-29,3.5
2009-01-30,3.5
2009-02-02,3.5
2009-02-03,3.5
2009-02-04,3.5
2009-02-05,3.5
2009-02-06,3.5
2009-02-09,3.5
2009-02-10,3.5
2009-02-11,3.5
2009-02-12,3.5
2009-02-13,3.5
2009-02-16,3.5
2009-02-17,3.5
2009-02-18,3.5
2009-02-19,3.5
2009-02-20,3.5
2009-02-23,3.5
2009-02-24,3.5
2009-02-25,3.5
2009-02-26,3.6
2009-02-27,3.6
2009-03-02,3.6
2009-03-03,3.6
2009-03-04,3.6
2009-03-05,3.6
2009-03-06,3.6
2009-03-09,3.6
2009-03-10,3.6
2009-03-11,3.6
2009-03-12,3.6
2009-03-13,3.6
2009-03-16,3.6
2009-03-17,3.6
2009-03-18,3.6
2009-03-19,3.7
2009-03-20,3.6
2009-03-23,3.7
2009-03-25,3.7
2009-03-26,3.7
2009-03-27,3.7
2009-03-30,3.7
2009-03-31,3.7
2009-04-01,3.7
2009-04-03,3.7
2009-04-06,3.7
2009-04-07,3.7
2009-04-08,3.7
2009-04-13,3.7
2009-04-14,3.7
2009-04-15,3.7
2009-04-16,3.7
2009-04-17,3.7
2009-04-20,3.7
2009-04-21,3.7
2009-04-22,3.7
2009-04-23,3.7
2009-04-24,3.7
2009-04-27,3.7
2009-04-28,3.7
2009-04-29,3.7
2009-04-30,3.7
2009-05-04,3.7
2009-05-05,3.7
2009-05-06,3.7
2009-05-07,3.7
2009-05-08,3.7
2009-05-11,3.7
2009-05-12,3.7
2009-05-13,3.7
2009-05-14,3.7
2009-05-15,3.7
2009-05-18,3.7
2009-05-19,3.7
2009-05-20,3.7
2009-05-21,3.7
2009-05-22,3.7
2009-05-26,3.7
2009-05-27,3.7
2009-05-28,3.7
2009-05-29,3.8
2009-06-01,3.8
2009-06-02,3.7
2009-06-03,3.7
2009-06-04,3.7
2009-06-05,3.8
2009-06-08,3.8
2009-06-09,3.8
2009-06-10,3.8
2009-06-11,3.8
2009-06-12,3.8
2009-06-16,3.8
2009-06-17,3.8
2009-06-18,3.8
2009-06-19,3.8
2009-06-22,3.8
2009-06-23,3.8
2009-06-24,3.8
2009-06-25,3.8
2009-06-26,3.8
2009-06-29,3.8
2009-06-30,3.8
2009-07-01,3.8
2009-07-02,3.8
2009-07-03,3.8
2009-07-06,3.8
2009-07-07,3.8
2009-07-08,3.8
2009-07-13,3.8
2009-07-14,3.8
2009-07-15,3.8
2009-07-16,3.8
2009-07-17,3.8
2009-07-20,3.8
2009-07-21,3.8
2009-07-22,3.8
2009-07-23,3.8
2009-07-24,3.8
2009-07-27,3.8
2009-07-28,3.8
2009-07-29,3.8
2009-07-30,3.8
2009-07-31,3.8
2009-08-03,3.8
2009-08-04,3.8
2009-08-05,3.8
2009-08-06,3.8
2009-08-07,3.8
2009-08-10,3.8
2009-08-11,3.8
2009-08-12,3.8
2009-08-13,3.8
2009-08-14,3.8
2009-08-18,3.8
2009-08-19,3.9
2009-08-20,3.9
2009-08-21,3.9
2009-08-24,3.9
2009-08-25,3.9
2009-08-26,3.9
2009-08-27,3.9
2009-08-28,3.9
2009-08-31,3.9
2009-09-01,3.9
2009-09-02,3.9
2009-09-03,3.9
2009-09-04,3.9
2009-09-07,3.9
2009-09-08,3.9
2009-09-09,3.9
2009-09-10,3.9
2009-09-11,3.9
2009-09-14,3.9
2009-09-15,3.8
2009-09-16,3.8
2009-09-17,3.8
2009-09-18,3.8
2009-09-21,3.8
2009-09-22,3.8
2009-09-23,3.8
2009-09-24,3.8
2009-09-25,3.8
2009-09-28,3.8
2009-09-29,3.8
2009-09-30,3.8
2009-10-01,3.8
2009-10-02,3.9
2009-10-05,3.8
2009-10-06,3.8
2009-10-07,3.8
2009-10-08,3.8
2009-10-09,3.8
2009-10-13,3.8
2009-10-14,3.8
2009-10-15,3.8
2009-10-16,3.8
2009-10-19,3.8
2009-10-20,3.8
2009-10-21,3.8
2009-10-22,3.8
2009-10-23,3.8
2009-10-26,3.8
2009-10-27,3.8
2009-10-28,3.8
2009-10-29,3.8
2009-10-30,3.8
2009-11-02,3.8
2009-11-03,3.8
2009-11-04,3.8
2009-11-05,3.8
2009-11-09,3.8
2009-11-10,3.8
2009-11-11,3.8
2009-11-12,3.8
2009-11-13,3.8
2009-11-16,3.8
2009-11-17,3.8
2009-11-18,3.8
2009-11-19,3.8
2009-11-20,3.8
2009-11-23,3.8
2009-11-24,3.8
2009-11-25,3.8
2009-11-26,3.8
2009-11-27,3.8
2009-11-30,3.8
2009-12-01,3.8
2009-12-02,3.8
2009-12-03,3.8
2009-12-04,3.8
2009-12-07,3.8
2009-12-09,3.8
2009-12-10,3.8
2009-12-11,3.8
2009-12-14,3.8
2009-12-15,3.8
2009-12-16,3.8
2009-12-17,3.8
2009-12-18,3.8
2009-12-21,3.8
2009-12-22,3.8
2009-12-23,3.8
2009-12-24,3.8
2009-12-28,3.8
2009-12-29,3.8
2009-12-30,3.8
2009-12-31,3.8
2010-01-04,3.8
2010-01-05,3.8
2010-01-06,3.8
2010-01-07,3.8
2010-01-08,3.8
2010-01-11,3.8
2010-01-12,3.8
2010-01-13,3.8
2010-01-14,3.8
2010-01-15,3.8
2010-01-18,3.8
2010-01-19,3.8
2010-01-20,3.8
2010-01-21,3.8
2010-01-22,3.8
2010-01-25,3.8
2010-01-26,3.8
2010-01-27,3.8
2010-01-28,3.8
2010-01-29,3.8
2010-02-01,3.8
2010-02-02,3.8
2010-02-03,3.8
2010-02-04,3.8
2010-02-05,3.8
2010-02-08,3.8
2010-02-09,3.8
2010-02-10,3.9
2010-02-11,3.9
2010-02-12,3.9
2010-02-15,3.9
2010-02-16,3.9
2010-02-17,3.9
2010-02-18,3.9
2010-02-19,3.9
2010-02-22,3.9
2010-02-23,3.9
2010-02-24,3.9
2010-02-25,3.9
2010-02-26,3.9
2010-03-01,3.9
2010-03-02,3.9
2010-03-03,3.9
2010-03-04,3.9
2010-03-05,3.9
2010-03-08,3.9
2010-03-09,3.9
2010-03-10,3.9
2010-03-11,3.9
2010-03-12,3.9
2010-03-15,3.9
2010-03-16,3.9
2010-03-17,3.9
2010-03-18,3.9
2010-03-19,3.9
2010-03-22,3.9
2010-03-23,3.9
2010-03-25,3.9
2010-03-26,3.9
2010-03-29,3.9
2010-03-30,3.9
2010-03-31,3.9
2010-04-05,3.9
2010-04-06,3.9
2010-04-07,3.9
2010-04-08,3.9
2010-04-09,3.9
2010-04-12,3.9
2010-04-13,3.9
2010-04-14,3.9
2010-04-15,3.9
2010-04-16,3.9
2010-04-19,3.9
2010-04-20,3.9
2010-04-21,3.9
2010-04-22,3.9
2010-04-23,3.9
2010-04-26,3.9
2010-04-27,3.9
2010-04-28,3.9
2010-04-29,3.9
2010-04-30,3.9
2010-05-03,3.9
2010-05-04,3.9
2010-05-05,3.9
2010-05-06,3.9
2010-05-07,3.9
2010-05-10,3.9
2010-05-11,3.9
2010-05-12,3.9
2010-05-13,3.9
2010-05-14,3.9
2010-05-17,3.9
2010-05-18,3.9
2010-05-19,3.9
2010-05-20,3.9
2010-05-21,3.9
2010-05-26,3.9
2010-05-27,3.9
2010-05-28,3.9
2010-05-31,3.9
2010-06-01,3.9
2010-06-02,3.9
2010-06-03,3.9
2010-06-04,3.9
2010-06-07,3.9
2010-06-08,3.9
2010-06-09,3.9
2010-06-10,3.9
2010-06-11,3.9
2010-06-14,3.9
2010-06-15,3.9
2010-06-16,3.9
2010-06-17,3.9
2010-06-18,3.9
2010-06-22,3.9
2010-06-23,3.9
2010-06-24,3.9
2010-06-25,3.9
2010-06-28,3.9
2010-06-29,3.9
2010-06-30,3.9
2010-07-01,3.9
2010-07-02,3.9
2010-07-05,3.9
2010-07-06,3.9
2010-07-07,3.9
2010-07-08,3.9
2010-07-12,3.9
2010-07-13,3.9
2010-07-14,3.9
2010-07-15,3.9
2010-07-16,3.9
2010-07-19,3.9
2010-07-20,3.9
2010-07-21,3.9
2010-07-22,3.9
2010-07-23,3.9
2010-07-26,3.9
2010-07-27,3.9
2010-07-28,3.9
2010-07-29,3.9
2010-07-30,3.9
2010-08-02,3.9
2010-08-03,3.9
2010-08-04,3.9
2010-08-05,3.9
2010-08-06,3.9
2010-08-09,3.9
2010-08-10,3.9
2010-08-11,3.9
2010-08-12,3.9
2010-08-13,3.9
2010-08-17,3.9
2010-08-18,3.9
2010-08-19,3.9
2010-08-20,3.9
2010-08-23,3.9
2010-08-24,3.9
2010-08-25,4.0
2010-08-26,3.9
2010-08-27,3.9
2010-08-30,3.9
2010-08-31,4.0
2010-09-01,4.0
2010-09-02,4.0
2010-09-03,3.9
2010-09-06,4.0
2010-09-07,4.0
2010-09-08,4.0
2010-09-09,4.0
2010-09-10,4.0
2010-09-13,4.0
2010-09-14,4.0
2010-09-15,4.0
2010-09-16,4.0
2010-09-17,4.0
2010-09-20,4.0
2010-09-21,4.0
2010-09-22,4.0
2010-09-23,4.0
2010-09-24,4.0
2010-09-27,4.0
2010-09-28,4.0
2010-09-29,4.0
2010-09-30,4.0
2010-10-01,4.0
2010-10-04,4.0
2010-10-05,4.0
2010-10-06,4.0
2010-10-07,4.0
2010-10-08,4.0
2010-10-12,4.0
2010-10-13,4.0
2010-10-14,4.0
2010-10-15,4.0
2010-10-18,4.0
2010-10-19,4.0
2010-10-20,4.0
2010-10-21,4.0
2010-10-22,4.0
2010-10-25,4.0
2010-10-26,4.0
2010-10-28,4.0
2010-10-29,4.0
2010-11-01,4.0
2010-11-02,4.0
2010-11-03,4.0
2010-11-04,4.0
2010-11-05,4.0
2010-11-08,4.0
2010-11-09,4.0
2010-11-10,4.0
2010-11-11,4.0
2010-11-12,4.0
2010-11-15,4.0
2010-11-16,4.0
2010-11-17,4.0
2010-11-18,4.0
2010-11-19,4.0
2010-11-23,4.0
2010-11-24,4.0
2010-11-25,4.0
2010-11-26,4.0
2010-11-29,4.0
2010-11-30,4.0
2010-12-01,4.0
2010-12-02,4.0
2010-12-03,4.0
2010-12-06,4.0
2010-12-07,4.0
2010-12-09,4.0
2010-12-10,4.0
2010-12-13,4.0
2010-12-14,4.0
2010-12-15,4.0
2010-12-16,4.0
2010-12-17,4.0
2010-12-20,4.0
2010-12-21,4.0
2010-12-22,4.0
2010-12-23,4.0
2010-12-27,4.0
2010-12-28,4.0
2010-12-29,4.0
2010-12-30,4.0
2011-01-03,4.0
2011-01-04,4.0
2011-01-05,4.0
2011-01-06,4.0
2011-01-07,4.0
2011-01-10,4.0
2011-01-11,4.0
2011-01-12,4.0
2011-01-13,4.0
2011-01-14,4.0
2011-01-17,4.0
2011-01-18,4.0
2011-01-19,4.0
2011-01-20,4.0
2011-01-21,4.0
2011-01-24,4.0
2011-01-25,4.0
2011-01-26,4.0
2011-01-27,4.0
2011-01-28,4.0
2011-01-31,4.0
2011-02-01,4.0
2011-02-02,4.0
2011-02-03,4.0
2011-02-04,4.0
2011-02-07,4.0
2011-02-08,4.0
2011-02-09,4.0
2011-02-10,4.0
2011-02-11,4.0
2011-02-14,4.0
2011-02-15,4.0
2011-02-16,4.0
2011-02-17,4.0
2011-02-18,4.0
2011-02-21,4.0
2011-02-22,4.0
2011-02-23,4.0
2011-02-24,4.0
2011-02-25,4.0
2011-02-28,4.0
2011-03-01,4.0
2011-03-02,4.0
2011-03-03,4.0
2011-03-04,4.0
2011-03-09,4.0
2011-03-10,4.0
2011-03-11,4.0
2011-03-14,4.0
2011-03-15,4.0
2011-03-16,4.0
2011-03-17,4.0
2011-03-18,4.0
2011-03-21,4.0
2011-03-22,4.0
2011-03-23,4.0
2011-03-28,4.0
2011-03-29,4.0
2011-03-30,4.0
2011-03-31,4.0
2011-04-01,4.0
2011-04-04,4.0
2011-04-05,4.0
2011-04-06,4.0
2011-04-07,4.0
2011-04-08,4.0
2011-04-11,4.0
2011-04-12,4.0
2011-04-13,4.1
2011-04-14,4.1
2011-04-15,4.1
2011-04-18,4.1
2011-04-19,4.1
2011-04-20,4.1
2011-04-25,4.1
2011-04-26,4.1
2011-04-27,4.1
2011-04-28,4.1
2011-04-29,4.1
2011-05-02,4.1
2011-05-03,4.1
2011-05-04,4.1
2011-05-05,4.1
2011-05-06,4.1
2011-05-09,4.1
2011-05-10,4.1
2011-05-11,4.1
2011-05-12,4.1
2011-05-13,4.1
2011-05-16,4.1
2011-05-17,4.1
2011-05-18,4.1
2011-05-19,4.1
2011-05-20,4.1
2011-05-23,4.1
2011-05-24,4.1
2011-05-26,4.1
2011-05-27,4.1
2011-05-30,4.1
2011-05-31,4.1
2011-06-01,4.1
2011-06-02,4.1
2011-06-03,4.1
2011-06-06,4.1
2011-06-07,4.1
2011-06-08,4.1
2011-06-09,4.1
2011-06-10,4.1
2011-06-13,4.1
2011-06-14,4.1
2011-06-15,4.1
2011-06-16,4.1
2011-06-17,4.1
2011-06-21,4.1
2011-06-22,4.1
2011-06-23,4.1
2011-06-24,4.1
2011-06-27,4.1
2011-06-28,4.1
2011-06-29,4.1
2011-06-30,4.1
2011-07-01,4.1
2011-07-04,4.1
2011-07-05,4.1
2011-07-06,4.1
2011-07-07,4.1
2011-07-08,4.1
2011-07-11,4.1
2011-07-12,4.1
2011-07-13,4.1
2011-07-14,4.1
2011-07-15,4.1
2011-07-18,4.1
2011-07-19,4.1
2011-07-20,4.1
2011-07-21,4.1
2011-07-22,4.1
2011-07-25,4.1
2011-07-26,4.1
2011-07-27,4.1
2011-07-28,4.1
2011-07-29,4.1
2011-08-01,4.2
2011-08-02,4.2
2011-08-03,4.2
2011-08-04,4.2
2011-08-05,4.2
2011-08-08,4.2
2011-08-09,4.2
2011-08-10,4.2
2011-08-11,4.2
2011-08-12,4.2
2011-08-15,4.2
2011-08-16,4.2
2011-08-17,4.2
2011-08-18,4.2
2011-08-19,4.2
2011-08-23,4.2
2011-08-24,4.2
2011-08-25,4.2
2011-08-26,4.2
2011-08-29,4.2
2011-08-30,4.2
2011-08-31,4.2
2011-09-01,4.2
2011-09-02,4.2
2011-09-05,4.2
2011-09-06,4.2
2011-09-07,4.2
2011-09-08,4.2
2011-09-09,4.2
2011-09-12,4.2
2011-09-13,4.2
2011-09-14,4.2
2011-09-15,4.2
2011-09-16,4.2
2011-09-19,4.2
2011-09-20,4.2
2011-09-21,4.2
2011-09-22,4.2
2011-09-23,4.2
2011-09-26,4.2
2011-09-27,4.2
2011-09-28,4.2
2011-09-29,4.2
2011-09-30,4.2
2011-10-03,4.2
2011-10-04,4.2
2011-10-05,4.2
2011-10-06,4.2
2011-10-07,4.2
2011-10-11,4.2
2011-10-12,4.2
2011-10-13,4.2
2011-10-14,4.2
2011-10-17,4.2
2011-10-18,4.2
2011-10-19,4.2
2011-10-20,4.2
2011-10-21,4.2
2011-10-24,4.2
2011-10-25,4.2
2011-10-26,4.2
2011-10-27,4.2
2011-10-28,4.2
2011-10-31,4.2
2011-11-01,4.2
2011-11-02,4.2
2011-11-03,4.2
2011-11-04,4.2
2011-11-07,4.3
2011-11-08,4.3
2011-11-09,4.3
2011-11-10,4.3
2011-11-11,4.3
2011-11-14,4.3
2011-11-15,4.3
2011-11-16,4.3
2011-11-17,4.3
2011-11-18,4.3
2011-11-21,4.3
2011-11-22,4.3
2011-11-23,4.3
2011-11-24,4.3
2011-11-25,4.3
2011-11-29,4.3
2011-11-30,4.3
2011-12-01,4.3
2011-12-02,4.3
2011-12-05,4.3
2011-12-06,4.3
2011-12-07,4.3
2011-12-12,4.3
2011-12-13,4.3
2011-12-14,4.3
2011-12-15,4.3
2011-12-16,4.3
2011-12-19,4.3
2011-12-20,4.3
2011-12-21,4.3
2011-12-22,4.3
2011-12-23,4.3
2011-12-27,4.3
2011-12-28,4.3
2011-12-29,4.3
2011-12-30,4.3
2012-01-03,4.3
2012-01-04,4.3
2012-01-05,4.3
2012-01-06,4.3
2012-01-09,4.3
2012-01-10,4.3
2012-01-11,4.3
2012-01-12,4.3
2012-01-13,4.3
2012-01-16,4.3
2012-01-17,4.3
2012-01-18,4.3
2012-01-19,4.3
2012-01-20,4.3
2012-01-23,4.3
2012-01-24,4.3
2012-01-25,4.3
2012-01-26,4.3
2012-01-27,4.3
2012-01-30,4.3
2012-01-31,4.3
2012-02-01,4.3
2012-02-02,4.3
2012-02-03,4.3
2012-02-06,4.3
2012-02-07,4.3
2012-02-08,4.3
2012-02-09,4.3
2012-02-10,4.3
2012-02-13,4.3
2012-02-14,4.3
2012-02-15,4.3
2012-02-16,4.3
2012-02-17,4.4
2012-02-22,4.4
2012-02-23,4.4
2012-02-24,4.3
2012-02-28,4.4
2012-02-29,4.4
2012-03-01,4.3
2012-03-02,4.3
2012-03-05,4.3
2012-03-06,4.3
2012-03-07,4.3
2012-03-08,4.3
2012-03-09,4.3
2012-03-12,4.3
2012-03-13,4.3
2012-03-14,4.4
2012-03-15,4.4
2012-03-16,4.3
2012-03-19,4.4
2012-03-20,4.4
2012-03-21,4.4
2012-03-22,4.4
2012-03-23,4.4
2012-03-26,4.4
2012-03-27,4.4
2012-03-28,4.4
2012-03-29,4.4
2012-03-30,4.4
2012-04-03,4.4
2012-04-04,4.4
2012-04-09,4.4
2012-04-10,4.4
2012-04-11,4.4
2012-04-12,4.4
2012-04-13,4.4
2012-04-16,4.4
2012-04-17,4.4
2012-04-18,4.4
2012-04-19,4.4
2012-04-20,4.4
2012-04-23,4.4
2012-04-24,4.4
2012-04-25,4.4
2012-04-26,4.4
2012-04-27,4.4
2012-05-02,4.4
2012-05-03,4.4
2012-05-04,4.4
2012-05-07,4.4
2012-05-08,4.4
2012-05-09,4.4
2012-05-10,4.4
2012-05-11,4.4
2012-05-14,4.4
2012-05-15,4.4
2012-05-16,4.4
2012-05-17,4.5
2012-05-18,4.5
2012-05-21,4.5
2012-05-22,4.5
2012-05-23,4.5
2012-05-24,4.5
2012-05-28,4.5
2012-05-29,4.5
2012-05-30,4.5
2012-05-31,4.5
2012-06-01,4.5
2012-06-04,4.5
2012-06-05,4.5
2012-06-06,4.5
2012-06-07,4.5
2012-06-08,4.5
2012-06-11,4.5
2012-06-12,4.5
2012-06-13,4.5
2012-06-14,4.5
2012-06-15,4.5
2012-06-18,4.5
2012-06-19,4.5
2012-06-21,4.5
2012-06-22,4.5
2012-06-25,4.5
2012-06-26,4.5
2012-06-27,4.5
2012-06-28,4.5
2012-06-29,4.5
2012-07-02,4.5
2012-07-03,4.5
2012-07-04,4.5
2012-07-05,4.5
2012-07-06,4.5
2012-07-10,4.5
2012-07-11,4.5
2012-07-12,4.5
2012-07-13,4.5
2012-07-16,4.5
2012-07-17,4.5
2012-07-18,4.5
2012-07-19,4.6
2012-07-20,4.6
2012-07-23,4.6
2012-07-24,4.6
2012-07-25,4.6
2012-07-26,4.6
2012-07-27,4.6
2012-07-30,4.6
2012-07-31,4.6
2012-08-01,4.6
2012-08-02,4.6
2012-08-03,4.6
2012-08-06,4.6
2012-08-07,4.6
2012-08-08,4.6
2012-08-09,4.6
2012-08-10,4.6
2012-08-13,4.6
2012-08-14,4.6
2012-08-15,4.6
2012-08-16,4.6
2012-08-17,4.6
2012-08-21,4.6
2012-08-22,4.6
2012-08-23,4.6
2012-08-24,4.6
2012-08-27,4.6
2012-08-28,4.6
2012-08-29,4.6
2012-08-30,4.6
2012-08-31,4.6
2012-09-03,4.6
2012-09-04,4.6
2012-09-05,4.7
2012-09-06,4.7
2012-09-07,4.7
2012-09-10,4.7
2012-09-11,4.7
2012-09-12,4.7
2012-09-13,4.7
2012-09-14,4.7
2012-09-17,4.7
2012-09-18,4.7
2012-09-19,4.7
2012-09-20,4.7
2012-09-21,4.7
2012-09-25,4.7
2012-09-26,4.7
2012-09-27,4.7
2012-09-28,4.7
2012-10-01,4.7
2012-10-02,4.7
2012-10-03,4.7
2012-10-04,4.7
2012-10-05,4.7
2012-10-09,4.7
2012-10-10,4.7
2012-10-11,4.7
2012-10-12,4.7
2012-10-15,4.7
2012-10-16,4.7
2012-10-17,4.7
2012-10-18,4.7
2012-10-19,4.7
2012-10-22,4.7
2012-10-23,4.7
2012-10-24,4.8
2012-10-25,4.8
2012-10-26,4.8
2012-10-29,4.8
2012-10-30,4.8
2012-10-31,4.8
2012-11-01,4.8
2012-11-02,4.8
2012-11-05,4.8
2012-11-07,4.8
2012-11-08,4.8
2012-11-09,4.8
2012-11-12,4.8
2012-11-13,4.8
2012-11-14,4.8
2012-11-15,4.8
2012-11-16,4.8
2012-11-19,4.8
2012-11-20,4.8
2012-11-21,4.8
2012-11-22,4.8
2012-11-23,4.8
2012-11-27,4.8
2012-11-28,4.8
2012-11-29,4.8
2012-11-30,4.8
2012-12-03,4.8
2012-12-04,4.8
2012-12-05,4.8
2012-12-06,4.8
2012-12-07,4.9
2012-12-10,4.9
2012-12-11,4.9
2012-12-12,4.9
2012-12-13,4.9
2012-12-14,4.9
2012-12-17,4.9
2012-12-18,4.9
2012-12-19,4.9
2012-12-20,4.9
2012-12-21,4.9
2012-12-26,4.9
2012-12-27,4.9
2012-12-28,4.9
2012-12-31,4.9
2013-01-02,4.9
2013-01-03,4.9
2013-01-04,4.9
2013-01-07,4.9
2013-01-08,4.9
2013-01-09,4.9
2013-01-10,4.9
2013-01-11,4.9
2013-01-14,5.0
2013-01-15,5.0
2013-01-16,5.0
2013-01-17,5.0
2013-01-18,5.0
2013-01-21,5.0
2013-01-22,5.0
2013-01-23,5.0
2013-01-24,5.0
2013-01-25,5.0
2013-01-28,5.0
2013-01-29,5.0
2013-01-30,5.0
2013-02-01,5.0
2013-02-04,5.0
2013-02-05,5.0
2013-02-06,5.0
2013-02-07,5.0
2013-02-08,5.0
2013-02-13,5.0
2013-02-14,5.0
2013-02-15,5.0
2013-02-18,5.0
2013-02-19,5.0
2013-02-21,5.0
2013-02-22,5.0
2013-02-25,5.0
2013-02-26,5.0
2013-02-27,5.0
2013-02-28,5.0
2013-03-01,5.0
2013-03-04,5.0
2013-03-05,5.1
2013-03-06,5.1
2013-03-07,5.1
2013-03-08,5.1
2013-03-11,5.1
2013-03-12,5.1
2013-03-13,5.1
2013-03-14,5.1
2013-03-15,5.1
2013-03-18,5.1
2013-03-19,5.1
2013-03-20,5.1
2013-03-21,5.1
2013-03-22,5.1
2013-03-25,5.1
2013-03-26,5.1
2013-03-27,5.1
2013-04-03,5.1
2013-04-04,5.1
2013-04-05,5.1
2013-04-08,5.1
2013-04-09,5.1
2013-04-10,5.1
2013-04-11,5.1
2013-04-12,5.2
2013-04-15,5.2
2013-04-16,5.2
2013-04-17,5.2
2013-04-18,5.2
2013-04-19,5.2
2013-04-22,5.2
2013-04-23,5.2
2013-04-24,5.2
2013-04-25,5.2
2013-04-26,5.2
2013-04-29,5.2
2013-04-30,5.2
2013-05-02,5.2
2013-05-03,5.2
2013-05-06,5.2
2013-05-07,5.2
2013-05-08,5.2
2013-05-09,5.2
2013-05-10,5.2
2013-05-13,5.2
2013-05-14,5.2
2013-05-15,5.2
2013-05-16,5.2
2013-05-17,5.2
2013-05-20,5.2
2013-05-21,5.2
2013-05-22,5.2
2013-05-23,5.3
2013-05-24,5.3
2013-05-27,5.3
2013-05-28,5.3
2013-05-29,5.3
2013-05-30,5.3
2013-05-31,5.3
2013-06-03,5.3
2013-06-04,5.3
2013-06-05,5.3
2013-06-06,5.3
2013-06-07,5.3
2013-06-10,5.3
2013-06-11,5.3
2013-06-12,5.3
2013-06-13,5.3
2013-06-14,5.3
2013-06-17,5.3
2013-06-18,5.3
2013-06-19,5.3
2013-06-24,5.4
2013-06-25,5.4
2013-06-26,5.4
2013-06-27,5.4
2013-06-28,5.4
2013-07-01,5.4
2013-07-02,5.4
2013-07-03,5.4
2013-07-04,5.4
2013-07-05,5.4
2013-07-08,5.4
2013-07-10,5.4
2013-07-11,5.4
2013-07-12,5.4
2013-07-15,5.4
2013-07-16,5.4
2013-07-17,5.4
2013-07-18,5.5
2013-07-19,5.5
2013-07-22,5.5
2013-07-23,5.5
2013-07-24,5.5
2013-07-25,5.5
2013-07-26,5.5
2013-07-29,5.5
2013-07-30,5.5
2013-07-31,5.5
2013-08-01,5.5
2013-08-02,5.5
2013-08-05,5.5
2013-08-06,5.5
2013-08-07,5.5
2013-08-08,5.5
2013-08-09,5.5
2013-08-12,5.5
2013-08-13,5.6
2013-08-14,5.6
2013-08-15,5.6
2013-08-16,5.6
2013-08-20,5.6
2013-08-21,5.6
2013-08-22,5.6
2013-08-23,5.6
2013-08-26,5.6
2013-08-27,5.6
2013-08-28,5.7
2013-08-29,5.7
2013-08-30,5.7
2013-09-02,5.7
2013-09-03,5.7
2013-09-04,5.7
2013-09-05,5.7
2013-09-06,5.7
2013-09-09,5.7
2013-09-10,5.7
2013-09-11,5.7
2013-09-12,5.7
2013-09-13,5.7
2013-09-16,5.7
2013-09-17,5.7
2013-09-18,5.8
2013-09-19,5.8
2013-09-20,5.8
2013-09-23,5.8
2013-09-24,5.8
2013-09-25,5.8
2013-09-26,5.8
2013-09-27,5.8
2013-09-30,5.8
2013-10-01,5.8
2013-10-02,5.8
2013-10-03,5.8
2013-10-04,5.8
2013-10-07,5.8
2013-10-08,5.8
2013-10-09,5.8
2013-10-10,5.8
2013-10-11,5.8
2013-10-15,5.8
2013-10-16,5.8
2013-10-17,5.8
2013-10-18,5.8
2013-10-21,5.9
2013-10-22,5.9
2013-10-23,5.9
2013-10-24,5.9
2013-10-25,5.9
2013-10-28,5.9
2013-10-29,5.9
2013-10-30,5.9
2013-10-31,5.9
2013-11-01,5.9
2013-11-04,5.9
2013-11-05,6.0
2013-11-07,5.9
2013-11-08,6.0
2013-11-11,6.0
2013-11-12,6.0
2013-11-13,6.0
2013-11-14,6.0
2013-11-15,6.0
2013-11-18,6.0
2013-11-19,6.0
2013-11-20,6.0
2013-11-21,6.1
2013-11-22,6.1
2013-11-26,6.1
2013-11-27,6.1
2013-11-28,6.1
2013-11-29,6.1
2013-12-02,6.2
2013-12-03,6.2
2013-12-04,6.2
2013-12-05,6.2
2013-12-06,6.2
2013-12-09,6.2
2013-12-10,6.3
2013-12-11,6.3
2013-12-12,6.3
2013-12-13,6.3
2013-12-16,6.3
2013-12-17,6.3
2013-12-18,6.4
2013-12-19,6.4
2013-12-20,6.4
2013-12-23,6.4
2013-12-26,6.5
2013-12-27,6.5
2013-12-30,6.5
2014-01-02,6.5
2014-01-03,6.6
2014-01-06,6.6
2014-01-07,6.6
2014-01-08,6.6
2014-01-09,6.6
2014-01-10,6.7
2014-01-13,6.7
2014-01-14,6.7
2014-01-15,6.7
2014-01-16,6.8
2014-01-17,6.8
2014-01-20,6.8
2014-01-21,6.9
2014-01-22,6.9
2014-01-23,7.5
2014-01-24,8.0
2014-01-27,8.0
2014-01-28,8.0
2014-01-29,8.0
2014-01-30,8.0
2014-01-31,8.0
2014-02-03,8.0
2014-02-04,8.0
2014-02-05,8.0
2014-02-06,7.9
2014-02-07,7.9
2014-02-10,7.8
2014-02-11,7.8
2014-02-12,7.8
2014-02-13,7.8
2014-02-14,7.8
2014-02-17,7.8
2014-02-18,7.8
2014-02-19,7.8
2014-02-20,7.8
2014-02-21,7.8
2014-02-24,7.9
2014-02-25,7.9
2014-02-26,7.9
2014-02-27,7.9
2014-02-28,7.9
2014-03-05,7.9
2014-03-06,7.9
2014-03-07,7.9
2014-03-10,7.9
2014-03-11,7.9
2014-03-12,7.9
2014-03-13,7.9
2014-03-14,7.9
2014-03-17,7.9
2014-03-18,7.9
2014-03-19,8.0
2014-03-20,8.0
2014-03-21,8.0
2014-03-25,8.0
2014-03-26,8.0
2014-03-27,8.0
2014-03-28,8.0
2014-03-31,8.0
2014-04-01,8.0
2014-04-03,8.0
2014-04-04,8.0
2014-04-07,8.0
2014-04-08,8.0
2014-04-09,8.0
2014-04-10,8.0
2014-04-11,8.0
2014-04-14,8.0
2014-04-15,8.0
2014-04-16,8.0
2014-04-21,8.0
2014-04-22,8.0
2014-04-23,8.0
2014-04-24,8.0
2014-04-25,8.0
2014-04-28,8.0
2014-04-29,8.0
2014-04-30,8.0
2014-05-05,8.0
2014-05-06,8.0
2014-05-07,8.0
2014-05-08,8.0
2014-05-09,8.0
2014-05-12,8.0
2014-05-13,8.0
2014-05-14,8.0
2014-05-15,8.1
2014-05-16,8.1
2014-05-19,8.1
2014-05-20,8.1
2014-05-21,8.1
2014-05-22,8.1
2014-05-23,8.1
2014-05-26,8.1
2014-05-27,8.1
2014-05-28,8.1
2014-05-29,8.1
2014-05-30,8.1
2014-06-02,8.1
2014-06-03,8.1
2014-06-04,8.1
2014-06-05,8.1
2014-06-06,8.1
2014-06-09,8.1
2014-06-10,8.1
2014-06-11,8.1
2014-06-12,8.1
2014-06-13,8.1
2014-06-16,8.1
2014-06-17,8.1
2014-06-18,8.1
2014-06-19,8.1
2014-06-23,8.1
2014-06-24,8.1
2014-06-25,8.1
2014-06-26,8.1
2014-06-27,8.1
2014-06-30,8.1
2014-07-01,8.1
2014-07-02,8.1
2014-07-03,8.1
2014-07-04,8.1
2014-07-07,8.1
2014-07-08,8.1
2014-07-10,8.2
2014-07-11,8.2
2014-07-14,8.2
2014-07-15,8.2
2014-07-16,8.2
2014-07-17,8.2
2014-07-18,8.2
2014-07-21,8.2
2014-07-22,8.2
2014-07-23,8.2
2014-07-24,8.2
2014-07-25,8.2
2014-07-28,8.2
2014-07-29,8.2
2014-07-30,8.2
2014-07-31,8.2
2014-08-01,8.2
2014-08-04,8.2
2014-08-05,8.3
2014-08-06,8.3
2014-08-07,8.3
2014-08-08,8.3
2014-08-11,8.3
2014-08-12,8.3
2014-08-13,8.3
2014-08-14,8.3
2014-08-15,8.3
2014-08-19,8.3
2014-08-20,8.3
2014-08-21,8.3
2014-08-22,8.4
2014-08-25,8.4
2014-08-26,8.4
2014-08-27,8.4
2014-08-28,8.4
2014-08-29,8.4
2014-09-01,8.4
2014-09-02,8.4
2014-09-03,8.4
2014-09-04,8.4
2014-09-05,8.4
2014-09-08,8.4
2014-09-09,8.4
2014-09-10,8.4
2014-09-11,8.4
2014-09-12,8.4
2014-09-15,8.4
2014-09-16,8.4
2014-09-17,8.4
2014-09-18,8.4
2014-09-19,8.4
2014-09-22,8.4
2014-09-23,8.4
2014-09-24,8.4
2014-09-25,8.4
2014-09-26,8.4
2014-09-29,8.5
2014-09-30,8.5
2014-10-01,8.4
2014-10-02,8.4
2014-10-03,8.5
2014-10-06,8.5
2014-10-07,8.5
2014-10-08,8.5
2014-10-09,8.5
2014-10-10,8.5
2014-10-14,8.5
2014-10-15,8.5
2014-10-16,8.5
2014-10-17,8.5
2014-10-20,8.5
2014-10-21,8.5
2014-10-22,8.5
2014-10-23,8.5
2014-10-24,8.5
2014-10-27,8.5
2014-10-28,8.5
2014-10-29,8.5
2014-10-30,8.5
2014-10-31,8.5
2014-11-03,8.5
2014-11-04,8.5
2014-11-05,8.5
2014-11-07,8.5
2014-11-10,8.5
2014-11-11,8.5
2014-11-12,8.5
2014-11-13,8.5
2014-11-14,8.5
2014-11-17,8.5
2014-11-18,8.5
2014-11-19,8.5
2014-11-20,8.5
2014-11-21,8.5
2014-11-25,8.5
2014-11-26,8.5
2014-11-27,8.5
2014-11-28,8.5
2014-12-01,8.5
2014-12-02,8.5
2014-12-03,8.5
2014-12-04,8.5
2014-12-05,8.6
2014-12-09,8.6
2014-12-10,8.6
2014-12-11,8.6
2014-12-12,8.6
2014-12-15,8.6
2014-12-16,8.6
2014-12-17,8.6
2014-12-18,8.6
2014-12-19,8.6
2014-12-22,8.6
2014-12-23,8.6
2014-12-24,8.6
2014-12-29,8.6
2014-12-30,8.6
2015-01-02,8.6
2015-01-05,8.6
2015-01-06,8.6
2015-01-07,8.6
2015-01-08,8.6
2015-01-09,8.6
2015-01-12,8.6
2015-01-13,8.6
2015-01-14,8.6
2015-01-15,8.6
2015-01-16,8.6
2015-01-19,8.6
2015-01-20,8.6
2015-01-21,8.6
2015-01-22,8.6
2015-01-23,8.6
2015-01-26,8.6
2015-01-27,8.6
2015-01-28,8.6
2015-01-29,8.6
2015-01-30,8.6
2015-02-02,8.7
2015-02-03,8.7
2015-02-04,8.7
2015-02-05,8.7
2015-02-06,8.7
2015-02-09,8.7
2015-02-10,8.7
2015-02-11,8.7
2015-02-12,8.7
2015-02-13,8.7
2015-02-18,8.7
2015-02-19,8.7
2015-02-20,8.7
2015-02-23,8.7
2015-02-24,8.7
2015-02-25,8.7
2015-02-26,8.7
2015-02-27,8.7
2015-03-02,8.7
2015-03-03,8.7
2015-03-04,8.7
2015-03-05,8.8
2015-03-06,8.8
2015-03-09,8.8
2015-03-10,8.8
2015-03-11,8.8
2015-03-12,8.8
2015-03-13,8.8
2015-03-16,8.8
2015-03-17,8.8
2015-03-18,8.8
2015-03-19,8.8
2015-03-20,8.8
2015-03-25,8.8
2015-03-26,8.8
2015-03-27,8.8
2015-03-30,8.8
2015-03-31,8.8
2015-04-01,8.8
2015-04-06,8.8
2015-04-07,8.8
2015-04-08,8.8
2015-04-09,8.8
2015-04-10,8.8
2015-04-13,8.8
2015-04-14,8.9
2015-04-15,8.9
2015-04-16,8.9
2015-04-17,8.9
2015-04-20,8.9
2015-04-21,8.9
2015-04-22,8.9
2015-04-23,8.9
2015-04-24,8.9
2015-04-27,8.9
2015-04-28,8.9
2015-04-29,8.9
2015-04-30,8.9
2015-05-04,8.9
2015-05-05,8.9
2015-05-06,8.9
2015-05-07,8.9
2015-05-08,8.9
2015-05-11,8.9
2015-05-12,8.9
2015-05-13,8.9
2015-05-14,8.9
2015-05-15,8.9
2015-05-18,8.9
2015-05-19,9.0
2015-05-20,9.0
2015-05-21,9.0
2015-05-22,9.0
2015-05-26,9.0
2015-05-27,9.0
2015-05-28,9.0
2015-05-29,9.0
2015-06-01,9.0
2015-06-02,9.0
2015-06-03,9.0
2015-06-04,9.0
2015-06-05,9.0
2015-06-08,9.0
2015-06-09,9.0
2015-06-10,9.0
2015-06-11,9.0
2015-06-12,9.0
2015-06-15,9.0
2015-06-16,9.1
2015-06-17,9.1
2015-06-18,9.1
2015-06-19,9.1
2015-06-22,9.1
2015-06-23,9.1
2015-06-24,9.1
2015-06-25,9.1
2015-06-26,9.1
2015-06-29,9.1
2015-06-30,9.1
2015-07-01,9.1
2015-07-02,9.1
2015-07-03,9.1
2015-07-06,9.1
2015-07-07,9.1
2015-07-08,9.1
2015-07-10,9.1
2015-07-13,9.1
2015-07-14,9.1
2015-07-15,9.1
2015-07-16,9.1
2015-07-17,9.2
2015-07-20,9.2
2015-07-21,9.2
2015-07-22,9.2
2015-07-23,9.2
2015-07-24,9.2
2015-07-27,9.2
2015-07-28,9.2
2015-07-29,9.2
2015-07-30,9.2
2015-07-31,9.2
2015-08-03,9.2
2015-08-04,9.2
2015-08-05,9.2
2015-08-06,9.2
2015-08-07,9.2
2015-08-10,9.2
2015-08-11,9.2
2015-08-12,9.2
2015-08-13,9.2
2015-08-14,9.2
2015-08-18,9.2
2015-08-19,9.2
2015-08-20,9.3
2015-08-21,9.3
2015-08-24,9.3
2015-08-25,9.3
2015-08-26,9.3
2015-08-27,9.3
2015-08-28,9.3
2015-08-31,9.3
2015-09-01,9.3
2015-09-02,9.3
2015-09-03,9.3
2015-09-04,9.3
2015-09-07,9.3
2015-09-08,9.3
2015-09-09,9.3
2015-09-10,9.3
2015-09-11,9.3
2015-09-14,9.4
2015-09-15,9.4
2015-09-16,9.4
2015-09-17,9.4
2015-09-18,9.4
2015-09-21,9.4
2015-09-22,9.4
2015-09-23,9.4
2015-09-24,9.4
2015-09-25,9.4
2015-09-28,9.4
2015-09-29,9.4
2015-09-30,9.4
2015-10-01,9.4
2015-10-02,9.4
2015-10-05,9.4
2015-10-06,9.4
2015-10-07,9.4
2015-10-08,9.5
2015-10-09,9.5
2015-10-13,9.5
2015-10-14,9.5
2015-10-15,9.5
2015-10-16,9.5
2015-10-19,9.5
2015-10-20,9.5
2015-10-21,9.5
2015-10-22,9.5
2015-10-23,9.5
2015-10-26,9.5
2015-10-27,9.5
2015-10-28,9.5
2015-10-29,9.5
2015-10-30,9.6
2015-11-02,9.6
2015-11-03,9.6
2015-11-04,9.6
2015-11-05,9.6
2015-11-09,9.6
2015-11-10,9.6
2015-11-11,9.6
2015-11-12,9.6
2015-11-13,9.6
2015-11-16,9.6
2015-11-17,9.6
2015-11-18,9.7
2015-11-19,9.7
2015-11-20,9.7
2015-11-23,9.7
2015-11-24,9.7
2015-11-25,9.7
2015-11-26,9.7
2015-11-30,9.7
2015-12-01,9.7
2015-12-02,9.7
2015-12-03,9.7
2015-12-04,9.7
2015-12-09,9.7
2015-12-10,9.8
2015-12-11,9.8
2015-12-14,9.8
2015-12-15,9.8
2015-12-16,9.8
2015-12-17,13.8
2015-12-18,13.4
2015-12-21,12.8
2015-12-22,12.9
2015-12-23,13.0
2015-12-24,13.1
2015-12-28,13.1
2015-12-29,13.0
2015-12-30,13.0
2015-12-31,13.0
2016-01-04,13.1
2016-01-05,13.5
2016-01-06,13.8
2016-01-07,13.9
2016-01-08,13.9
2016-01-11,13.9
2016-01-12,13.6
2016-01-13,13.6
2016-01-14,13.5
2016-01-15,13.4
2016-01-18,13.5
2016-01-19,13.5
2016-01-20,13.4
2016-01-21,13.6
2016-01-22,13.7
2016-01-25,13.8
2016-01-26,13.8
2016-01-27,13.9
2016-01-28,13.9
2016-01-29,13.9
2016-02-01,14.1
2016-02-02,14.1
2016-02-03,14.1
2016-02-04,14.2
2016-02-05,14.3
2016-02-10,14.5
2016-02-11,14.6
2016-02-12,14.7
2016-02-15,14.8
2016-02-16,14.8
2016-02-17,14.9
2016-02-18,15.0
2016-02-19,15.0
2016-02-22,15.1
2016-02-23,15.4
2016-02-24,15.3
2016-02-25,15.4
2016-02-26,15.4
2016-02-29,15.6
2016-03-01,15.9
2016-03-02,15.7
2016-03-03,15.4
2016-03-04,15.2
2016-03-07,15.3
2016-03-08,15.4
2016-03-09,15.4
2016-03-10,15.3
2016-03-11,15.1
2016-03-14,14.8
2016-03-15,14.6
2016-03-16,14.5
2016-03-17,14.6
2016-03-18,14.8
2016-03-21,14.6
2016-03-22,14.2
2016-03-23,14.4
2016-03-28,14.6
2016-03-29,14.9
2016-03-30,14.6
2016-03-31,14.6
2016-04-01,14.7
2016-04-04,14.8
2016-04-05,14.7
2016-04-06,14.7
2016-04-07,14.5
2016-04-08,14.4
2016-04-11,14.5
2016-04-12,14.5
2016-04-13,14.4
2016-04-14,14.4
2016-04-15,14.3
2016-04-18,14.1
2016-04-19,14.1
2016-04-20,14.2
2016-04-21,14.4
2016-04-22,14.5
2016-04-25,14.3
2016-04-26,14.3
2016-04-27,14.2
2016-04-28,14.2
2016-04-29,14.3
2016-05-02,14.3
2016-05-03,14.2
2016-05-04,14.2
2016-05-05,14.2
2016-05-06,14.2
2016-05-09,14.2
2016-05-10,14.2
2016-05-11,14.2
2016-05-12,14.2
2016-05-13,14.2
2016-05-16,14.2
2016-05-17,14.1
2016-05-18,14.1
2016-05-19,14.1
2016-05-20,14.1
2016-05-23,14.0
2016-05-24,14.0
2016-05-26,14.1
2016-05-27,14.0
2016-05-30,14.0
2016-05-31,14.0
2016-06-01,13.9
2016-06-02,13.9
2016-06-03,13.9
2016-06-06,13.8
2016-06-07,13.8
2016-06-08,13.8
2016-06-09,13.8
2016-06-10,13.8
2016-06-13,13.8
2016-06-14,13.8
2016-06-15,13.8
2016-06-16,13.8
2016-06-21,13.9
2016-06-22,14.0
2016-06-23,14.2
2016-06-24,14.8
2016-06-27,15.0
2016-06-28,15.1
2016-06-29,14.9
2016-06-30,14.9
2016-07-01,15.1
2016-07-04,15.1
2016-07-05,15.0
2016-07-06,14.8
2016-07-07,14.7
2016-07-11,14.7
2016-07-12,14.6
2016-07-13,14.6
2016-07-14,14.6
2016-07-15,14.9
2016-07-18,15.1
2016-07-19,15.2
2016-07-20,15.0
2016-07-21,15.0
2016-07-22,14.9
2016-07-25,14.9
2016-07-26,15.0
2016-07-27,15.0
2016-07-28,15.0
2016-07-29,15.0
2016-08-01,15.0
2016-08-02,14.8
2016-08-03,14.9
2016-08-04,14.9
2016-08-05,14.8
2016-08-08,14.8
2016-08-09,14.8
2016-08-10,14.8
2016-08-11,14.7
2016-08-12,14.7
2016-08-16,14.7
2016-08-17,14.7
2016-08-18,14.8
2016-08-19,14.9
2016-08-22,14.9
2016-08-23,14.8
2016-08-24,14.9
2016-08-25,14.9
2016-08-26,14.9
2016-08-29,15.1
2016-08-30,15.1
2016-08-31,14.9
2016-09-01,14.9
2016-09-02,14.9
2016-09-05,15.0
2016-09-06,15.0
2016-09-07,15.0
2016-09-08,15.1
2016-09-09,15.1
2016-09-12,15.0
2016-09-13,14.9
2016-09-14,15.0
2016-09-15,15.0
2016-09-16,15.1
2016-09-19,15.2
2016-09-20,15.2
2016-09-21,15.1
2016-09-22,15.2
2016-09-23,15.2
2016-09-26,15.2
2016-09-27,15.3
2016-09-28,15.3
2016-09-29,15.4
2016-09-30,15.3
2016-10-03,15.2
2016-10-04,15.2
2016-10-05,15.2
2016-10-06,15.2
2016-10-07,15.2
2016-10-11,15.2
2016-10-12,15.2
2016-10-13,15.1
2016-10-14,15.1
2016-10-17,15.2
2016-10-18,15.2
2016-10-19,15.2
2016-10-20,15.2
2016-10-21,15.2
2016-10-24,15.1
2016-10-25,15.2
2016-10-26,15.2
2016-10-27,15.2
2016-10-28,15.2
2016-10-31,15.2
2016-11-01,15.1
2016-11-02,15.1
2016-11-03,15.1
2016-11-04,15.1
2016-11-07,15.0
2016-11-08,15.0
2016-11-09,15.0
2016-11-10,15.0
2016-11-11,15.2
2016-11-14,15.5
2016-11-15,15.5
2016-11-16,15.6
2016-11-17,15.5
2016-11-18,15.5
2016-11-21,15.4
2016-11-22,15.4
2016-11-23,15.5
2016-11-24,15.5
2016-11-25,15.5
2016-11-29,15.6
2016-11-30,15.8
2016-12-01,15.9
2016-12-02,15.9
2016-12-05,15.9
2016-12-06,15.9
2016-12-07,16.0
2016-12-12,16.0
2016-12-13,16.0
2016-12-14,15.9
2016-12-15,16.0
2016-12-16,15.9
2016-12-19,15.9
2016-12-20,15.8
2016-12-21,15.9
2016-12-22,15.8
2016-12-23,15.6
2016-12-26,15.6
2016-12-27,15.5
2016-12-28,15.6
2016-12-29,15.7
2016-12-30,15.8
2017-01-02,15.9
2017-01-03,15.9
2017-01-04,16.1
2017-01-05,16.0
2017-01-06,15.8
2017-01-09,15.8
2017-01-10,15.9
2017-01-11,15.9
2017-01-12,15.8
2017-01-13,15.8
2017-01-16,15.9
2017-01-17,15.9
2017-01-18,15.9
2017-01-19,16.0
2017-01-20,15.9
2017-01-23,15.9
2017-01-24,16.0
2017-01-25,15.9
2017-01-26,15.9
2017-01-27,15.9
2017-01-30,15.9
2017-01-31,15.9
2017-02-01,15.8
2017-02-02,15.7
2017-02-03,15.7
2017-02-06,15.6
2017-02-07,15.7
2017-02-08,15.7
2017-02-09,15.6
2017-02-10,15.6
2017-02-13,15.5
2017-02-14,15.5
2017-02-15,15.5
2017-02-16,15.4
2017-02-17,15.6
2017-02-20,15.7
2017-02-21,15.7
2017-02-22,15.5
2017-02-23,15.6
2017-02-24,15.5
2017-03-01,15.5
2017-03-02,15.4
2017-03-03,15.4
2017-03-06,15.4
2017-03-07,15.5
2017-03-08,15.6
2017-03-09,15.6
2017-03-10,15.5
2017-03-13,15.5
2017-03-14,15.5
2017-03-15,15.6
2017-03-16,15.5
2017-03-17,15.5
2017-03-20,15.7
2017-03-21,15.6
2017-03-22,15.6
2017-03-23,15.6
2017-03-27,15.6
2017-03-28,15.5
2017-03-29,15.5
2017-03-30,15.4
2017-03-31,15.4
2017-04-03,15.4
2017-04-04,15.4
2017-04-05,15.3
2017-04-06,15.4
2017-04-07,15.4
2017-04-10,15.3
2017-04-11,15.2
2017-04-12,15.2
2017-04-17,15.2
2017-04-18,15.2
2017-04-19,15.4
2017-04-20,15.4
2017-04-21,15.4
2017-04-24,15.4
2017-04-25,15.4
2017-04-26,15.4
2017-04-27,15.4
2017-04-28,15.4
2017-05-02,15.3
2017-05-03,15.3
2017-05-04,15.4
2017-05-05,15.3
2017-05-08,15.4
2017-05-09,15.6
2017-05-10,15.5
2017-05-11,15.5
2017-05-12,15.4
2017-05-15,15.5
2017-05-16,15.6
2017-05-17,15.6
2017-05-18,15.9
2017-05-19,15.9
2017-05-22,16.1
2017-05-23,16.1
2017-05-24,16.1
2017-05-26,16.0
2017-05-29,16.0
2017-05-30,16.1
2017-05-31,16.1
2017-06-01,16.1
2017-06-02,16.0
2017-06-05,16.0
2017-06-06,16.0
2017-06-07,16.0
2017-06-08,16.0
2017-06-09,15.9
2017-06-12,15.9
2017-06-13,15.9
2017-06-14,15.8
2017-06-15,15.9
2017-06-16,16.0
2017-06-19,16.1
2017-06-21,16.4
2017-06-22,16.2
2017-06-23,16.1
2017-06-26,16.2
2017-06-27,16.4
2017-06-28,16.4
2017-06-29,16.5
2017-06-30,16.6
2017-07-03,16.7
2017-07-04,16.9
2017-07-05,17.0
2017-07-06,17.1
2017-07-07,17.0
2017-07-10,17.0
2017-07-11,17.0
2017-07-12,17.0
2017-07-13,16.9
2017-07-14,16.9
2017-07-17,16.9
2017-07-18,17.0
2017-07-19,17.3
2017-07-20,17.1
2017-07-21,17.3
2017-07-24,17.5
2017-07-25,17.4
2017-07-26,17.5
2017-07-27,17.6
2017-07-28,17.8
2017-07-31,17.7
2017-08-01,17.6
2017-08-02,17.6
2017-08-03,17.6
2017-08-04,17.6
2017-08-07,17.7
2017-08-08,17.7
2017-08-09,17.8
2017-08-10,17.7
2017-08-11,17.7
2017-08-14,17.1
2017-08-15,17.1
2017-08-16,17.1
2017-08-17,17.3
2017-08-18,17.3
2017-08-22,17.2
2017-08-23,17.2
2017-08-24,17.2
2017-08-25,17.2
2017-08-28,17.2
2017-08-29,17.3
2017-08-30,17.4
2017-08-31,17.4
2017-09-01,17.2
2017-09-04,17.2
2017-09-05,17.3
2017-09-06,17.2
2017-09-07,17.2
2017-09-08,17.2
2017-09-11,17.2
2017-09-12,17.1
2017-09-13,17.1
2017-09-14,17.0
2017-09-15,17.0
2017-09-18,17.1
2017-09-19,17.2
2017-09-20,17.1
2017-09-21,17.3
2017-09-22,17.3
2017-09-25,17.4
2017-09-26,17.6
2017-09-27,17.6
2017-09-28,17.6
2017-09-29,17.3
2017-10-02,17.4
2017-10-03,17.4
2017-10-04,17.4
2017-10-05,17.3
2017-10-06,17.5
2017-10-09,17.5
2017-10-10,17.4
2017-10-11,17.4
2017-10-12,17.4
2017-10-13,17.4
2017-10-17,17.4
2017-10-18,17.3
2017-10-19,17.4
2017-10-20,17.5
2017-10-23,17.3
2017-10-24,17.5
2017-10-25,17.4
2017-10-26,17.5
2017-10-27,17.7
2017-10-30,17.7
2017-10-31,17.7
2017-11-01,17.6
2017-11-02,17.6
2017-11-03,17.6
2017-11-07,17.7
2017-11-08,17.6
2017-11-09,17.5
2017-11-10,17.5
2017-11-13,17.5
2017-11-14,17.5
2017-11-15,17.5
2017-11-16,17.5
2017-11-17,17.5
2017-11-21,17.5
2017-11-22,17.5
2017-11-23,17.4
2017-11-24,17.4
2017-11-27,17.3
2017-11-28,17.3
2017-11-29,17.4
2017-11-30,17.4
2017-12-01,17.3
2017-12-04,17.3
2017-12-05,17.4
2017-12-06,17.3
2017-12-07,17.3
2017-12-11,17.3
2017-12-12,17.3
2017-12-13,17.3
2017-12-14,17.4
2017-12-15,17.6
2017-12-18,17.6
2017-12-19,17.6
2017-12-20,17.8
2017-12-21,17.9
2017-12-22,18.0
2017-12-26,18.2
2017-12-27,18.4
2017-12-28,18.8
2017-12-29,18.8
2018-01-02,18.6
2018-01-03,18.4
2018-01-04,18.6
2018-01-05,18.9
2018-01-08,19.1
2018-01-09,19.1
2018-01-10,18.7
2018-01-11,18.6
2018-01-12,18.7
2018-01-15,18.7
2018-01-16,18.8
2018-01-17,18.9
2018-01-18,18.9
2018-01-19,19.0
2018-01-22,19.1
2018-01-23,19.3
2018-01-24,19.5
2018-01-25,19.5
2018-01-26,19.5
2018-01-29,19.6
2018-01-30,19.6
2018-01-31,19.6
2018-02-01,19.5
2018-02-02,19.5
2018-02-05,19.5
2018-02-06,19.7
2018-02-07,19.6
2018-02-08,19.8
2018-02-09,20.1
2018-02-14,20.0
2018-02-15,19.7
2018-02-16,19.7
2018-02-19,19.8
2018-02-20,19.9
2018-02-21,19.9
2018-02-22,19.9
2018-02-23,20.0
2018-02-26,20.0
2018-02-27,20.2
2018-02-28,20.1
2018-03-01,20.2
2018-03-02,20.2
2018-03-05,20.3
2018-03-06,20.2
2018-03-07,20.4
2018-03-08,20.4
2018-03-09,20.3
2018-03-12,20.2
2018-03-13,20.2
2018-03-14,20.2
2018-03-15,20.3
2018-03-16,20.3
2018-03-19,20.2
2018-03-20,20.2
2018-03-21,20.3
2018-03-22,20.2
2018-03-23,20.2
2018-03-26,20.2
2018-03-27,20.2
2018-03-28,20.1
2018-04-03,20.2
2018-04-04,20.2
2018-04-05,20.2
2018-04-06,20.2
2018-04-09,20.2
2018-04-10,20.2
2018-04-11,20.2
2018-04-12,20.2
2018-04-13,20.2
2018-04-16,20.2
2018-04-17,20.2
2018-04-18,20.1
2018-04-19,20.2
2018-04-20,20.2
2018-04-23,20.2
2018-04-24,20.2
2018-04-25,20.3
2018-04-26,20.4
2018-04-27,20.7
2018-05-02,21.0
2018-05-03,21.8
2018-05-04,21.7
2018-05-07,21.8
2018-05-08,22.8
2018-05-09,22.6
2018-05-10,22.6
2018-05-11,23.2
2018-05-14,24.8
2018-05-15,24.8
2018-05-16,24.0
2018-05-17,24.3
2018-05-18,24.6
2018-05-21,24.3
2018-05-22,24.4
2018-05-23,24.4
2018-05-24,24.6
2018-05-28,24.7
2018-05-29,24.9
2018-05-30,24.9
2018-05-31,24.9
2018-06-01,25.0
2018-06-04,25.0
2018-06-05,25.0
2018-06-06,24.9
2018-06-07,25.0
2018-06-08,25.5
2018-06-11,25.4
2018-06-12,25.9
2018-06-13,25.7
2018-06-14,27.1
2018-06-15,27.9
2018-06-18,27.9
2018-06-19,27.7
2018-06-21,27.6
2018-06-22,27.2
2018-06-25,27.0
2018-06-26,27.1
2018-06-27,27.3
2018-06-28,27.8
2018-06-29,28.9
2018-07-02,28.7
2018-07-03,27.9
2018-07-04,28.0
2018-07-05,28.2
2018-07-06,28.1
2018-07-10,27.6
2018-07-11,27.5
2018-07-12,27.1
2018-07-13,27.2
2018-07-16,27.3
2018-07-17,27.5
2018-07-18,27.6
2018-07-19,27.7
2018-07-20,27.6
2018-07-23,27.6
2018-07-24,27.5
2018-07-25,27.4
2018-07-26,27.4
2018-07-27,27.4
2018-07-30,27.3
2018-07-31,27.3
2018-08-01,27.5
2018-08-02,27.6
2018-08-03,27.4
2018-08-06,27.4
2018-08-07,27.3
2018-08-08,27.5
2018-08-09,28.0
2018-08-10,29.2
2018-08-13,30.0
2018-08-14,29.4
2018-08-15,30.0
2018-08-16,29.8
2018-08-17,29.8
2018-08-21,30.0
2018-08-22,30.2
2018-08-23,30.2
2018-08-24,30.6
2018-08-27,30.9
2018-08-28,31.4
2018-08-29,31.9
2018-08-30,39.6
2018-08-31,37.1
2018-09-03,38.0
2018-09-04,39.2
2018-09-05,38.8
2018-09-06,37.7
2018-09-07,37.0
2018-09-10,37.4
2018-09-11,37.9
2018-09-12,37.9
2018-09-13,38.7
2018-09-14,39.7
2018-09-17,39.6
2018-09-18,39.7
2018-09-19,39.5
2018-09-20,38.3
2018-09-21,37.6
2018-09-24,37.3
2018-09-25,38.4
2018-09-26,38.7
2018-09-27,39.5
2018-09-28,40.9
2018-10-01,40.3
2018-10-02,38.2
2018-10-03,37.6
2018-10-04,38.5
2018-10-05,38.0
2018-10-08,37.5
2018-10-09,37.2
2018-10-10,37.3
2018-10-11,36.9
2018-10-12,36.2
2018-10-16,36.4
2018-10-17,36.3
2018-10-18,36.4
2018-10-19,36.5
2018-10-22,36.4
2018-10-23,36.8
2018-10-24,36.5
2018-10-25,36.8
2018-10-26,36.8
2018-10-29,36.8
2018-10-30,36.8
2018-10-31,36.2
2018-11-01,35.7
2018-11-02,35.6
2018-11-05,35.5
2018-11-07,35.8
2018-11-08,35.6
2018-11-09,35.5
2018-11-12,35.5
2018-11-13,35.9
2018-11-14,36.1
2018-11-15,36.1
2018-11-16,36.0
2018-11-20,36.3
2018-11-21,36.3
2018-11-22,36.4
2018-11-23,36.9
2018-11-26,38.2
2018-11-27,38.9
2018-11-28,38.5
2018-11-29,38.0
2018-12-03,36.9
2018-12-04,37.1
2018-12-05,37.9
2018-12-06,37.9
2018-12-07,37.4
2018-12-10,37.7
2018-12-11,37.6
2018-12-12,37.6
2018-12-13,37.8
2018-12-14,38.2
2018-12-17,38.3
2018-12-18,38.2
2018-12-19,38.3
2018-12-20,38.1
2018-12-21,38.1
2018-12-26,38.5
2018-12-27,38.6
2018-12-28,37.8
2019-01-02,37.9
2019-01-03,37.5
2019-01-04,37.4
2019-01-07,37.4
2019-01-08,37.4
2019-01-09,37.5
2019-01-10,37.3
2019-01-11,37.1
2019-01-14,37.1
2019-01-15,37.1
2019-01-16,37.4
2019-01-17,37.7
2019-01-18,37.6
2019-01-21,37.7
2019-01-22,37.6
2019-01-23,37.6
2019-01-24,37.6
2019-01-25,37.1
2019-01-28,37.1
2019-01-29,37.2
2019-01-30,37.6
2019-01-31,37.0
2019-02-01,37.2
2019-02-04,37.2
2019-02-05,37.2
2019-02-06,37.4
2019-02-07,37.9
2019-02-08,37.9
2019-02-11,38.3
2019-02-12,37.8
2019-02-13,38.1
2019-02-14,38.4
2019-02-15,38.3
2019-02-18,38.8
2019-02-19,38.9
2019-02-20,40.0
2019-02-21,39.7
2019-02-22,39.2
2019-02-25,39.0
2019-02-26,39.0
2019-02-27,38.8
2019-02-28,39.0
2019-03-01,39.5
2019-03-06,40.5
2019-03-07,41.2
2019-03-08,41.3
2019-03-11,40.9
2019-03-12,41.4
2019-03-13,41.6
2019-03-14,41.0
2019-03-15,39.9
2019-03-18,39.7
2019-03-19,40.3
2019-03-20,41.1
2019-03-21,40.7
2019-03-22,42.0
2019-03-25,41.8
2019-03-26,42.4
2019-03-27,43.7
2019-03-28,43.6
2019-03-29,43.4
2019-04-01,42.8
2019-04-03,42.6
2019-04-04,43.2
2019-04-05,43.7
2019-04-08,43.8
2019-04-09,43.7
2019-04-10,43.0
2019-04-11,42.9
2019-04-12,42.3
2019-04-15,41.6
2019-04-16,42.1
2019-04-17,41.8
2019-04-22,42.7
2019-04-23,42.4
2019-04-24,43.5
2019-04-25,45.6
2019-04-26,44.9
2019-04-29,44.7
2019-04-30,44.0
2019-05-02,44.8
2019-05-03,44.4
2019-05-06,44.9
2019-05-07,44.9
2019-05-08,45.0
2019-05-09,45.6
2019-05-10,45.0
2019-05-13,45.4
2019-05-14,45.0
2019-05-15,45.1
2019-05-16,44.9
2019-05-17,45.0
2019-05-20,45.3
2019-05-21,44.8
2019-05-22,44.7
2019-05-23,45.1
2019-05-24,45.0
2019-05-27,45.0
2019-05-28,44.8
2019-05-29,44.5
2019-05-30,44.5
2019-05-31,44.9
2019-06-03,44.9
2019-06-04,44.8
2019-06-05,44.8
2019-06-06,45.0
2019-06-07,44.9
2019-06-10,45.0
2019-06-11,44.7
2019-06-12,43.8
2019-06-13,43.6
2019-06-14,43.9
2019-06-18,43.7
2019-06-19,43.5
2019-06-21,42.9
2019-06-24,42.7
2019-06-25,42.3
2019-06-26,42.7
2019-06-27,42.8
2019-06-28,42.5
2019-07-01,42.1
2019-07-02,42.5
2019-07-03,42.1
2019-07-04,41.8
2019-07-05,42.0
2019-07-10,41.9
2019-07-11,41.8
2019-07-12,41.7
2019-07-15,41.9
2019-07-16,42.6
2019-07-17,42.5
2019-07-18,42.4
2019-07-19,42.5
2019-07-22,42.5
2019-07-23,42.6
2019-07-24,42.8
2019-07-25,43.2
2019-07-26,43.2
2019-07-29,43.8
2019-07-30,43.9
2019-07-31,43.9
2019-08-01,44.3
2019-08-02,44.7
2019-08-05,45.4
2019-08-06,45.4
2019-08-07,45.7
2019-08-08,45.4
2019-08-09,45.4
2019-08-12,55.8
2019-08-13,56.3
2019-08-14,58.8
2019-08-15,56.6
2019-08-16,56.4
2019-08-20,55.4
2019-08-21,54.9
2019-08-22,55.0
2019-08-23,55.3
2019-08-26,55.3
2019-08-27,55.7
2019-08-28,58.1
2019-08-29,58.2
2019-08-30,59.1
2019-09-02,57.1
2019-09-03,55.8
2019-09-04,55.9
2019-09-05,56.0
2019-09-06,55.9
2019-09-09,55.9
2019-09-10,56.1
2019-09-11,56.1
2019-09-12,56.2
2019-09-13,56.1
2019-09-16,56.2
2019-09-17,56.5
2019-09-18,56.5
2019-09-19,56.6
2019-09-20,56.6
2019-09-23,56.9
2019-09-24,56.9
2019-09-25,57.0
2019-09-26,57.2
2019-09-27,57.3
2019-09-30,57.6
2019-10-01,57.7
2019-10-02,57.9
2019-10-03,57.8
2019-10-04,57.7
2019-10-07,57.9
2019-10-08,57.8
2019-10-09,58.0
2019-10-10,58.0
2019-10-11,58.0
2019-10-15,58.2
2019-10-16,58.3
2019-10-17,58.3
2019-10-18,58.3
2019-10-21,58.5
2019-10-22,58.6
2019-10-23,58.9
2019-10-24,59.3
2019-10-25,60.0
2019-10-28,59.5
2019-10-29,59.5
2019-10-30,59.6
2019-10-31,59.7
2019-11-01,59.8
2019-11-04,59.8
2019-11-05,59.7
2019-11-07,59.6
2019-11-08,59.5
2019-11-11,59.8
2019-11-12,59.8
2019-11-13,59.7
2019-11-14,59.7
2019-11-15,59.7
2019-11-19,59.7
2019-11-20,59.7
2019-11-21,59.8
2019-11-22,59.8
2019-11-25,59.8
2019-11-26,59.7
2019-11-27,59.9
2019-11-28,59.9
2019-11-29,59.9
2019-12-02,60.0
2019-12-03,59.9
2019-12-04,59.9
2019-12-05,59.9
2019-12-06,60.0
2019-12-09,60.0
2019-12-10,60.0
2019-12-11,59.8
2019-12-12,59.8
2019-12-13,59.8
2019-12-16,59.8
2019-12-17,59.8
2019-12-18,59.8
2019-12-19,59.8
2019-12-20,59.8
2019-12-23,59.9
2019-12-26,59.9
2019-12-27,59.9
2019-12-30,59.9
2020-01-02,59.9
2020-01-03,59.8
2020-01-06,59.8
2020-01-07,59.8
2020-01-08,59.8
2020-01-09,59.8
2020-01-10,59.8
2020-01-13,59.9
2020-01-14,60.0
2020-01-15,60.0
2020-01-16,60.0
2020-01-17,60.0
2020-01-20,60.0
2020-01-21,60.1
2020-01-22,60.1
2020-01-23,60.1
2020-01-24,60.1
2020-01-27,60.1
2020-01-28,60.2
2020-01-29,60.2
2020-01-30,60.2
2020-01-31,60.3
2020-02-03,60.4
2020-02-04,60.6
2020-02-05,60.6
2020-02-06,60.7
2020-02-07,60.8
2020-02-10,61.0
2020-02-11,61.1
2020-02-12,61.2
2020-02-13,61.4
2020-02-14,61.5
2020-02-17,61.7
2020-02-18,61.7
2020-02-19,61.7
2020-02-20,61.8
2020-02-21,61.8
2020-02-26,62.1
2020-02-27,62.1
2020-02-28,62.2
2020-03-02,62.2
2020-03-03,62.3
2020-03-04,62.4
2020-03-05,62.4
2020-03-06,62.5
2020-03-09,62.5
2020-03-10,62.6
2020-03-11,62.7
2020-03-12,62.8
2020-03-13,62.9
2020-03-16,63.0
2020-03-17,63.2
2020-03-18,63.3
2020-03-19,63.5
2020-03-20,63.8
2020-03-25,64.0
2020-03-26,64.2
2020-03-27,64.4
2020-03-30,64.5
2020-04-01,64.5
2020-04-02,64.7
2020-04-03,64.9
2020-04-06,65.0
2020-04-07,65.1
2020-04-08,65.2
2020-04-13,65.4
2020-04-14,65.5
2020-04-15,65.6
2020-04-16,65.7
2020-04-17,65.9
2020-04-20,66.0
2020-04-21,66.1
2020-04-22,66.2
2020-04-23,66.3
2020-04-24,66.4
2020-04-27,66.5
2020-04-28,66.6
2020-04-29,66.8
2020-04-30,66.8
2020-05-04,66.9
2020-05-05,67.0
2020-05-06,67.1
2020-05-07,67.2
2020-05-08,67.3
2020-05-11,67.4
2020-05-12,67.5
2020-05-13,67.5
2020-05-14,67.6
2020-05-15,67.7
2020-05-18,67.8
2020-05-19,67.9
2020-05-20,68.0
2020-05-21,68.1
2020-05-22,68.2
2020-05-26,68.3
2020-05-27,68.4
2020-05-28,68.5
2020-05-29,68.5
2020-06-01,68.6
2020-06-02,68.7
2020-06-03,68.8
2020-06-04,68.9
2020-06-05,69.0
2020-06-08,69.1
2020-06-09,69.2
2020-06-10,69.3
2020-06-11,69.3
2020-06-12,69.4
2020-06-16,69.6
2020-06-17,69.7
2020-06-18,69.7
2020-06-19,69.8
2020-06-22,70.0
2020-06-23,70.0
2020-06-24,70.1
2020-06-25,70.2
2020-06-26,70.2
2020-06-29,70.4
2020-06-30,70.5
2020-07-01,70.5
2020-07-02,70.6
2020-07-03,70.6
2020-07-06,70.8
2020-07-07,70.9
2020-07-08,70.9
2020-07-13,71.2
2020-07-14,71.3
2020-07-15,71.4
2020-07-16,71.4
2020-07-17,71.5
2020-07-20,71.7
2020-07-21,71.7
2020-07-22,71.8
2020-07-23,71.8
2020-07-24,71.9
2020-07-27,72.1
2020-07-28,72.1
2020-07-29,72.2
2020-07-30,72.3
2020-07-31,72.3
2020-08-03,72.5
2020-08-04,72.6
2020-08-05,72.6
2020-08-06,72.7
2020-08-07,72.8
2020-08-10,73.0
2020-08-11,73.0
2020-08-12,73.0
2020-08-13,73.1
2020-08-14,73.2
2020-08-18,73.4
2020-08-19,73.5
2020-08-20,73.5
2020-08-21,73.6
2020-08-24,73.7
2020-08-25,73.8
2020-08-26,73.9
2020-08-27,73.9
2020-08-28,74.0
2020-08-31,74.2
2020-09-01,74.2
2020-09-02,74.3
2020-09-03,74.4
2020-09-04,74.4
2020-09-07,74.7
2020-09-08,74.7
2020-09-09,74.8
2020-09-10,74.8
2020-09-11,74.9
2020-09-14,75.1
2020-09-15,75.2
2020-09-16,75.2
2020-09-17,75.3
2020-09-18,75.4
2020-09-21,75.6
2020-09-22,75.7
2020-09-23,75.7
2020-09-24,75.8
2020-09-25,75.8
2020-09-28,76.1
2020-09-29,76.1
2020-09-30,76.2
2020-10-01,76.2
2020-10-02,77.0
2020-10-05,77.0
2020-10-06,77.1
2020-10-07,77.1
2020-10-08,77.1
2020-10-09,77.1
2020-10-13,77.4
2020-10-14,77.4
2020-10-15,77.5
2020-10-16,77.5
2020-10-19,77.6
2020-10-20,77.7
2020-10-21,77.7
2020-10-22,78.0
2020-10-23,78.1
2020-10-26,78.2
2020-10-27,78.3
2020-10-28,78.3
2020-10-29,78.3
2020-10-30,78.3
2020-11-02,78.7
2020-11-03,78.9
2020-11-04,79.0
2020-11-05,79.1
2020-11-09,79.3
2020-11-10,79.4
2020-11-11,79.5
2020-11-12,79.6
2020-11-13,79.7
2020-11-16,80.0
2020-11-17,80.0
2020-11-18,80.2
2020-11-19,80.3
2020-11-20,80.4
2020-11-24,80.7
2020-11-25,80.8
2020-11-26,80.9
2020-11-27,81.0
2020-11-30,81.3
2020-12-01,81.4
2020-12-02,81.5
2020-12-03,81.6
2020-12-04,81.7
2020-12-09,82.0
2020-12-10,82.1
2020-12-11,82.2
2020-12-14,82.5
2020-12-15,82.5
2020-12-16,82.6
2020-12-17,82.7
2020-12-18,82.8
2020-12-21,83.2
2020-12-22,83.2
2020-12-23,83.4
2020-12-28,83.9
2020-12-29,84.0
2020-12-30,84.2
2021-01-04,84.7
2021-01-05,84.8
2021-01-06,84.9
2021-01-07,85.0
2021-01-08,85.1
2021-01-11,85.4
2021-01-12,85.5
2021-01-13,85.6
2021-01-14,85.7
2021-01-15,85.7
2021-01-18,86.1
2021-01-19,86.2
2021-01-20,86.3
2021-01-21,86.4
2021-01-22,86.5
2021-01-25,86.9
2021-01-26,87.0
2021-01-27,87.1
2021-01-28,87.2
2021-01-29,87.3
2021-02-01,87.6
2021-02-02,87.7
2021-02-03,87.8
2021-02-04,87.9
2021-02-05,88.0
2021-02-08,88.2
2021-02-09,88.3
2021-02-10,88.4
2021-02-11,88.5
2021-02-12,88.5
2021-02-17,89.0
2021-02-18,89.0
2021-02-19,89.2
2021-02-22,89.4
2021-02-23,89.5
2021-02-24,89.6
2021-02-25,89.8
2021-02-26,89.8
2021-03-01,90.1
2021-03-02,90.2
2021-03-03,90.2
2021-03-04,90.3
2021-03-05,90.4
2021-03-08,90.6
2021-03-09,90.7
2021-03-10,90.7
2021-03-11,90.8
2021-03-12,90.9
2021-03-15,91.1
2021-03-16,91.1
2021-03-17,91.2
2021-03-18,91.3
2021-03-19,91.4
2021-03-22,91.6
2021-03-23,91.6
2021-03-25,91.8
2021-03-26,91.8
2021-03-29,91.9
2021-03-30,92.0
2021-03-31,92.0
2021-04-05,92.2
2021-04-06,92.3
2021-04-07,92.3
2021-04-08,92.4
2021-04-09,92.4
2021-04-12,92.6
2021-04-13,92.6
2021-04-14,92.7
2021-04-15,92.7
2021-04-16,92.8
2021-04-19,92.9
2021-04-20,93.0
2021-04-21,93.0
2021-04-22,93.1
2021-04-23,93.1
2021-04-26,93.3
2021-04-27,93.3
2021-04-28,93.4
2021-04-29,93.5
2021-04-30,93.6
2021-05-03,93.7
2021-05-04,93.7
2021-05-05,93.8
2021-05-06,93.8
2021-05-07,93.8
2021-05-10,93.9
2021-05-11,94.0
2021-05-12,94.0
2021-05-13,94.0
2021-05-14,94.0
2021-05-17,94.1
2021-05-18,94.2
2021-05-19,94.2
2021-05-20,94.2
2021-05-21,94.3
2021-05-26,94.5
2021-05-27,94.5
2021-05-28,94.6
2021-05-31,94.7
2021-06-01,94.7
2021-06-02,94.8
2021-06-03,94.8
2021-06-04,94.9
2021-06-07,95.0
2021-06-08,95.0
2021-06-09,95.1
2021-06-10,95.1
2021-06-11,95.1
2021-06-14,95.3
2021-06-15,95.3
2021-06-16,95.3
2021-06-17,95.3
2021-06-18,95.4
2021-06-22,95.5
2021-06-23,95.5
2021-06-24,95.6
2021-06-25,95.6
2021-06-28,95.7
2021-06-29,95.7
2021-06-30,95.7
2021-07-01,95.8
2021-07-02,95.8
2021-07-05,95.9
2021-07-06,95.9
2021-07-07,96.0
2021-07-08,96.0
2021-07-12,96.1
2021-07-13,96.1
2021-07-14,96.2
2021-07-15,96.2
2021-07-16,96.2
2021-07-19,96.3
2021-07-20,96.3
2021-07-21,96.4
2021-07-22,96.4
2021-07-23,96.4
2021-07-26,96.5
2021-07-27,96.6
2021-07-28,96.6
2021-07-29,96.7
2021-07-30,96.7
2021-08-02,96.8
2021-08-03,96.8
2021-08-04,96.8
2021-08-05,96.9
2021-08-06,96.9
2021-08-09,97.0
2021-08-10,97.0
2021-08-11,97.0
2021-08-12,97.1
2021-08-13,97.1
2021-08-17,97.2
2021-08-18,97.3
2021-08-19,97.3
2021-08-20,97.3
2021-08-23,97.4
2021-08-24,97.4
2021-08-25,97.5
2021-08-26,97.5
2021-08-27,97.6
2021-08-30,97.7
2021-08-31,97.8
2021-09-01,97.8
2021-09-02,97.8
2021-09-03,97.9
2021-09-06,98.0
2021-09-07,98.0
2021-09-08,98.0
2021-09-09,98.0
2021-09-10,98.1
2021-09-13,98.2
2021-09-14,98.2
2021-09-15,98.2
2021-09-16,98.3
2021-09-17,98.3
2021-09-20,98.5
2021-09-21,98.5
2021-09-22,98.5
2021-09-23,98.5
2021-09-24,98.6
2021-09-27,98.7
2021-09-28,98.7
2021-09-29,98.7
2021-09-30,98.7
2021-10-01,98.8
2021-10-04,98.9
2021-10-05,98.9
2021-10-06,98.9
2021-10-07,99.0
2021-10-12,99.1
2021-10-13,99.1
2021-10-14,99.2
2021-10-15,99.2
2021-10-18,99.3
2021-10-19,99.3
2021-10-20,99.3
2021-10-21,99.4
2021-10-22,99.4
2021-10-25,99.5
2021-10-26,99.5
2021-10-27,99.6
2021-10-28,99.7
2021-10-29,99.7
2021-11-01,99.8
2021-11-02,99.8
2021-11-03,99.9
2021-11-04,100.0
2021-11-05,100.0
2021-11-08,100.0
2021-11-09,100.1
2021-11-10,100.1
2021-11-11,100.2
2021-11-12,100.2
2021-11-15,100.3
2021-11-16,100.3
2021-11-17,100.4
2021-11-18,100.4
2021-11-19,100.5
2021-11-23,100.6
2021-11-24,100.6
2021-11-25,100.7
2021-11-26,100.8
2021-11-29,100.9
2021-11-30,100.9
2021-12-01,101.0
2021-12-02,101.1
2021-12-03,101.2
2021-12-06,101.3
2021-12-07,101.4
2021-12-09,101.5
2021-12-10,101.6
2021-12-13,101.7
2021-12-14,101.8
2021-12-15,101.8
2021-12-16,101.9
2021-12-17,102.0
2021-12-20,102.2
2021-12-21,102.2
2021-12-22,102.3
2021-12-23,102.3
2021-12-27,102.6
2021-12-28,102.6
2021-12-29,102.7
2021-12-30,102.8
2022-01-03,103.0
2022-01-04,103.1
2022-01-05,103.2
2022-01-06,103.2
2022-01-07,103.3
2022-01-10,103.5
2022-01-11,103.6
2022-01-12,103.6
2022-01-13,103.7
2022-01-14,103.8
2022-01-17,104.1
2022-01-18,104.2
2022-01-19,104.2
2022-01-20,104.3
2022-01-21,104.3
2022-01-24,104.5
2022-01-25,104.6
2022-01-26,104.7
2022-01-27,104.8
2022-01-28,104.8
2022-01-31,105.0
2022-02-01,105.1
2022-02-02,105.2
2022-02-03,105.3
2022-02-04,105.4
2022-02-07,105.7
2022-02-08,105.8
2022-02-09,105.9
2022-02-10,106.0
2022-02-11,106.1
2022-02-14,106.4
2022-02-15,106.5
2022-02-16,106.6
2022-02-17,106.7
2022-02-18,106.8
2022-02-21,107.1
2022-02-22,107.2
2022-02-23,107.3
2022-02-24,107.4
2022-02-25,107.4
2022-03-02,107.9
2022-03-03,108.0
2022-03-04,108.2
2022-03-07,108.5
2022-03-08,108.6
2022-03-09,108.7
2022-03-10,108.8
2022-03-11,108.9
2022-03-14,109.2
2022-03-15,109.3
2022-03-16,109.4
2022-03-17,109.5
2022-03-18,109.6
2022-03-21,110.0
2022-03-22,110.1
2022-03-23,110.2
2022-03-25,110.4
2022-03-28,110.7
2022-03-29,110.8
2022-03-30,110.9
2022-03-31,111.0
2022-04-01,111.1
2022-04-04,111.6
2022-04-05,111.7
2022-04-06,111.8
2022-04-07,112.0
2022-04-08,112.1
2022-04-11,112.6
2022-04-12,112.7
2022-04-13,112.9
2022-04-18,113.7
2022-04-19,113.8
2022-04-20,114.0
2022-04-21,114.1
2022-04-22,114.2
2022-04-25,114.7
2022-04-26,114.8
2022-04-27,115.0
2022-04-28,115.2
2022-04-29,115.3
2022-05-02,115.8
2022-05-03,115.9
2022-05-04,116.0
2022-05-05,116.2
2022-05-06,116.3
2022-05-09,116.8
2022-05-10,116.9
2022-05-11,117.1
2022-05-12,117.2
2022-05-13,117.4
2022-05-16,117.9
2022-05-17,118.0
2022-05-19,118.4
2022-05-20,118.5
2022-05-23,119.0
2022-05-24,119.1
2022-05-26,119.4
2022-05-27,119.6
2022-05-30,120.0
2022-05-31,120.2
2022-06-01,120.3
2022-06-02,120.5
2022-06-03,120.6
2022-06-06,121.1
2022-06-07,121.3
2022-06-08,121.5
2022-06-09,121.6
2022-06-10,121.8
2022-06-13,122.3
2022-06-14,122.5
2022-06-15,122.7
2022-06-16,122.9
2022-06-21,123.7
2022-06-22,123.9
2022-06-23,124.0
2022-06-24,124.3
2022-06-27,124.7
2022-06-28,124.9
2022-06-29,125.0
2022-06-30,125.2
2022-07-01,125.4
2022-07-04,126.0
2022-07-05,126.2
2022-07-06,126.4
2022-07-07,126.6
2022-07-08,126.8
2022-07-11,127.4
2022-07-12,127.6
2022-07-13,127.8
2022-07-14,128.0
2022-07-15,128.2
2022-07-18,128.9
2022-07-19,129.1
2022-07-20,129.4
2022-07-21,129.6
2022-07-22,129.8
2022-07-25,130.4
2022-07-26,130.6
2022-07-27,130.9
2022-07-28,131.1
2022-07-29,131.2
2022-08-01,131.9
2022-08-02,132.2
2022-08-03,132.4
2022-08-04,132.6
2022-08-05,132.9
2022-08-08,133.6
2022-08-09,133.8
2022-08-10,134.0
2022-08-11,134.2
2022-08-12,134.5
2022-08-16,135.4
2022-08-17,135.6
2022-08-18,135.8
2022-08-19,136.1
2022-08-22,136.7
2022-08-23,136.9
2022-08-24,137.2
2022-08-25,137.4
2022-08-26,137.7
2022-08-29,138.3
2022-08-30,138.6
2022-08-31,138.7
2022-09-01,139.0
2022-09-05,140.2
2022-09-06,140.6
2022-09-07,140.8
2022-09-08,141.2
2022-09-09,141.4
2022-09-12,142.3
2022-09-13,142.6
2022-09-14,142.9
2022-09-15,143.2
2022-09-16,143.5
2022-09-19,144.3
2022-09-20,144.6
2022-09-21,144.9
2022-09-22,145.2
2022-09-23,145.5
2022-09-26,146.3
2022-09-27,146.6
2022-09-28,146.8
2022-09-29,147.1
2022-09-30,147.3
2022-10-03,148.2
2022-10-04,148.6
2022-10-05,148.9
2022-10-06,149.2
2022-10-11,150.7
2022-10-12,151.0
2022-10-13,151.3
2022-10-14,151.6
2022-10-17,152.5
2022-10-18,152.8
2022-10-19,153.2
2022-10-20,153.5
2022-10-21,153.8
2022-10-24,154.7
2022-10-25,155.1
2022-10-26,155.4
2022-10-27,155.7
2022-10-28,156.0
2022-10-31,156.9
2022-11-01,157.2
2022-11-02,157.6
2022-11-03,157.9
2022-11-04,158.3
2022-11-07,159.3
2022-11-08,159.7
2022-11-09,160.1
2022-11-10,160.4
2022-11-11,160.7
2022-11-14,161.8
2022-11-15,162.1
2022-11-16,162.5
2022-11-17,162.8
2022-11-18,163.2
2022-11-22,164.5
2022-11-23,164.8
2022-11-24,165.2
2022-11-25,165.6
2022-11-28,166.6
2022-11-29,167.0
2022-11-30,167.3
2022-12-01,167.7
2022-12-02,168.1
2022-12-05,169.1
2022-12-06,169.5
2022-12-07,169.9
2022-12-12,171.4
2022-12-13,171.8
2022-12-14,172.1
2022-12-15,172.4
2022-12-16,172.7
2022-12-19,173.7
2022-12-20,173.9
2022-12-21,174.2
2022-12-22,174.6
2022-12-23,174.8
2022-12-26,175.8
2022-12-27,176.1
2022-12-28,176.4
2022-12-29,176.7
2022-12-30,177.1
2023-01-02,178.1
2023-01-03,178.4
2023-01-04,178.7
2023-01-05,178.9
2023-01-06,179.2
2023-01-09,180.1
2023-01-10,180.4
2023-01-11,180.7
2023-01-12,181.0
2023-01-13,181.3
2023-01-16,182.2
2023-01-17,182.5
2023-01-18,182.8
2023-01-19,183.1
2023-01-20,183.4
2023-01-23,184.4
2023-01-24,184.7
2023-01-25,185.0
2023-01-26,185.3
2023-01-27,185.6
2023-01-30,186.6
2023-01-31,186.9
2023-02-01,187.3
2023-02-02,187.6
2023-02-03,187.9
2023-02-06,189.1
2023-02-07,189.5
2023-02-08,189.9
2023-02-09,190.2
2023-02-10,190.5
2023-02-13,191.6
2023-02-14,192.0
2023-02-15,192.4
2023-02-16,192.8
2023-02-17,193.2
2023-02-22,195.0
2023-02-23,195.3
2023-02-24,195.7
2023-02-27,196.8
2023-02-28,197.2
2023-03-01,197.6
2023-03-02,197.9
2023-03-03,198.3
2023-03-06,199.3
2023-03-07,199.7
2023-03-08,200.0
2023-03-09,200.4
2023-03-10,200.7
2023-03-13,201.8
2023-03-14,202.2
2023-03-15,202.5
2023-03-16,203.0
2023-03-17,203.3
2023-03-20,204.5
2023-03-21,205.0
2023-03-22,205.4
2023-03-23,205.8
2023-03-27,207.4
2023-03-28,207.8
2023-03-29,208.2
2023-03-30,208.6
2023-03-31,209.0
2023-04-03,210.3
2023-04-04,210.8
2023-04-05,211.2
2023-04-10,213.3
2023-04-11,213.8
2023-04-12,214.2
2023-04-13,214.7
2023-04-14,215.1
2023-04-17,216.4
2023-04-18,216.9
2023-04-19,217.5
2023-04-20,218.0
2023-04-21,218.5
2023-04-24,220.2
2023-04-25,220.9
2023-04-26,221.6
2023-04-27,222.0
2023-04-28,222.6
2023-05-02,224.6
2023-05-03,225.1
2023-05-04,225.7
2023-05-05,226.2
2023-05-08,227.6
2023-05-09,228.1
2023-05-10,228.5
2023-05-11,229.0
2023-05-12,229.3
2023-05-15,230.6
2023-05-16,231.2
2023-05-17,231.7
2023-05-18,232.2
2023-05-19,232.7
2023-05-22,234.4
2023-05-23,234.9
2023-05-24,235.6
2023-05-29,238.3
2023-05-30,238.8
2023-05-31,239.3
2023-06-01,240.1
2023-06-02,240.7
2023-06-05,242.6
2023-06-06,243.2
2023-06-07,243.8
2023-06-08,244.3
2023-06-09,245.0
2023-06-12,246.8
2023-06-13,247.3
2023-06-14,247.8
2023-06-15,248.6
2023-06-16,249.2
2023-06-21,252.0
2023-06-22,252.5
2023-06-23,253.0
2023-06-26,254.5
2023-06-27,255.2
2023-06-28,255.8
2023-06-29,256.2
2023-06-30,256.7
2023-07-03,258.0
2023-07-04,259.1
2023-07-05,259.8
2023-07-06,260.3
2023-07-07,261.0
2023-07-10,262.6
2023-07-11,263.3
2023-07-12,263.9
2023-07-13,264.5
2023-07-14,265.1
2023-07-17,266.8
2023-07-18,267.6
2023-07-19,268.2
2023-07-20,268.8
2023-07-21,269.4
2023-07-24,271.2
2023-07-25,271.7
2023-07-26,272.4
2023-07-27,273.0
2023-07-28,273.6
2023-07-31,275.3
2023-08-01,276.1
2023-08-02,277.3
2023-08-03,278.3
2023-08-04,279.3
2023-08-07,283.1
2023-08-08,284.2
2023-08-09,285.2
2023-08-10,286.2
2023-08-11,287.3
2023-08-14,350.0
2023-08-15,350.0
2023-08-16,350.0
2023-08-17,350.0
2023-08-18,350.0
2023-08-22,350.0
2023-08-23,350.0
2023-08-24,350.0
2023-08-25,350.0
2023-08-28,350.0
2023-08-29,350.0
2023-08-30,350.0
2023-08-31,350.0
2023-09-01,350.0
2023-09-04,350.0
2023-09-05,350.0
2023-09-06,350.0
2023-09-07,350.0
2023-09-08,350.0
2023-09-11,350.0
2023-09-12,350.0
2023-09-13,350.0
2023-09-14,350.0
2023-09-15,350.0
2023-09-18,350.0
2023-09-19,350.0
2023-09-20,350.0
2023-09-21,350.0
2023-09-22,350.0
2023-09-25,350.0
2023-09-26,350.0
2023-09-27,350.0
2023-09-28,350.0
2023-09-29,350.0
2023-10-02,350.0
2023-10-03,350.0
2023-10-04,350.0
2023-10-05,350.0
2023-10-06,350.0
2023-10-09,350.0
2023-10-10,350.0
2023-10-11,350.0
2023-10-12,350.0
2023-10-17,350.0
2023-10-18,350.0
2023-10-19,350.0
2023-10-20,350.0
2023-10-23,350.0
2023-10-24,350.0
2023-10-25,350.0
2023-10-26,350.0
2023-10-27,350.0
2023-10-30,350.0
2023-10-31,350.0
2023-11-01,350.0
2023-11-02,350.0
2023-11-03,350.0
2023-11-07,350.0
2023-11-08,350.0
2023-11-09,350.0
2023-11-10,350.0
2023-11-13,350.0
2023-11-14,350.0
2023-11-15,353.0
2023-11-16,353.5
2023-11-17,354.0
2023-11-21,356.0
2023-11-22,356.5
2023-11-23,357.0
2023-11-24,357.5
2023-11-27,359.0
2023-11-28,359.5
2023-11-29,360.0
2023-11-30,360.5
2023-12-01,361.0
2023-12-04,362.5
2023-12-05,363.0
2023-12-06,363.6
2023-12-07,364.4
2023-12-11,366.0
2023-12-12,366.5
2023-12-13,800.0
2023-12-14,800.5
2023-12-15,801.1
2023-12-18,802.6
2023-12-19,803.2
2023-12-20,803.7
2023-12-21,804.2
2023-12-22,804.8
2023-12-26,806.9
2023-12-27,807.4
2023-12-28,808.0
2023-12-29,808.5
2024-01-02,810.6
2024-01-03,811.1
2024-01-04,811.8
2024-01-05,812.2
2024-01-08,813.9
2024-01-09,814.4
2024-01-10,815.0
2024-01-11,815.5
2024-01-12,816.0
2024-01-15,817.6
2024-01-16,818.1
2024-01-17,818.6
2024-01-18,819.2
2024-01-19,819.8
2024-01-22,821.5
2024-01-23,822.0
2024-01-24,822.5
2024-01-25,823.0
2024-01-26,823.5
2024-01-29,825.2
2024-01-30,825.8
2024-01-31,826.2
2024-02-01,826.9
2024-02-02,827.4
2024-02-05,829.0
2024-02-06,829.5
2024-02-07,830.1
2024-02-08,830.6
2024-02-09,831.2
2024-02-14,834.0
2024-02-15,834.6
2024-02-16,835.0
2024-02-19,836.8
2024-02-20,837.2
2024-02-21,837.9
2024-02-22,838.4
2024-02-23,839.0
2024-02-26,840.6
2024-02-27,841.1
2024-02-28,841.8
2024-02-29,842.2
2024-03-01,842.8
2024-03-04,844.2
2024-03-05,845.2
2024-03-06,845.8
2024-03-07,846.2
2024-03-08,846.8
2024-03-11,848.2
2024-03-12,848.8
2024-03-13,849.8
2024-03-14,850.2
2024-03-15,850.8
2024-03-18,852.2
2024-03-19,852.8
2024-03-20,853.2
2024-03-21,854.2
2024-03-22,854.8
2024-03-25,856.2
2024-03-26,856.8
2024-03-27,857.4
2024-04-03,861.2
2024-04-04,861.8
2024-04-05,862.8
2024-04-08,864.2
2024-04-09,864.8
