fecha,dolar_blue
2000-05-24,1.0
2000-05-25,1.0
2000-05-26,1.0
2000-05-29,1.0
2000-05-30,1.0
2000-05-31,1.0
2000-06-01,1.0
2000-06-02,1.0
2000-06-05,1.0
2000-06-06,1.0
2000-06-07,1.0
2000-06-08,1.0
2000-06-12,1.0
2000-06-13,1.0
2000-06-14,1.0
2000-06-15,1.0
2000-06-16,1.0
2000-06-19,1.0
2000-06-20,1.0
2000-06-21,1.0
2000-06-22,1.0
2000-06-23,1.0
2000-06-26,1.0
2000-06-27,1.0
2000-06-28,1.0
2000-06-29,1.0
2000-06-30,1.0
2000-07-03,1.0
2000-07-04,1.0
2000-07-05,1.0
2000-07-06,1.0
2000-07-07,1.0
2000-07-10,1.0
2000-07-11,1.0
2000-07-12,1.0
2000-07-13,1.0
2000-07-14,1.0
2000-07-17,1.0
2000-07-18,1.0
2000-07-19,1.0
2000-07-20,1.0
2000-07-21,1.0
2000-07-24,1.0
2000-07-25,1.0
2000-07-26,1.0
2000-07-27,1.0
2000-07-28,1.0
2000-07-31,1.0
2000-08-01,1.0
2000-08-02,1.0
2000-08-03,1.0
2000-08-04,1.0
2000-08-07,1.0
2000-08-08,1.0
2000-08-09,1.0
2000-08-10,1.0
2000-08-11,1.0
2000-08-14,1.0
2000-08-15,1.0
2000-08-16,1.0
2000-08-17,1.0
2000-08-18,1.0
2000-08-21,1.0
2000-08-22,1.0
2000-08-23,1.0
2000-08-24,1.0
2000-08-25,1.0
2000-08-28,1.0
2000-08-29,1.0
2000-08-30,1.0
2000-08-31,1.0
2000-09-01,1.0
2000-09-04,1.0
2000-09-05,1.0
2000-09-06,1.0
2000-09-07,1.0
2000-09-08,1.0
2000-09-11,1.0
2000-09-12,1.0
2000-09-13,1.0
2000-09-14,1.0
2000-09-15,1.0
2000-09-18,1.0
2000-09-19,1.0
2000-09-20,1.0
2000-09-21,1.0
2000-09-22,1.0
2000-09-25,1.0
2000-09-26,1.0
2000-09-27,1.0
2000-09-28,1.0
2000-09-29,1.0
2000-10-02,1.0
2000-10-03,1.0
2000-10-04,1.0
2000-10-05,1.0
2000-10-06,1.0
2000-10-09,1.0
2000-10-10,1.0
2000-10-11,1.0
2000-10-12,1.0
2000-10-13,1.0
2000-10-16,1.0
2000-10-17,1.0
2000-10-18,1.0
2000-10-19,1.0
2000-10-20,1.0
2000-10-23,1.0
2000-10-24,1.0
2000-10-25,1.0
2000-10-26,1.0
2000-10-27,1.0
2000-10-30,1.0
2000-10-31,1.0
2000-11-01,1.0
2000-11-02,1.0
2000-11-03,1.0
2000-11-06,1.0
2000-11-07,1.0
2000-11-08,1.0
2000-11-09,1.0
2000-11-10,1.0
2000-11-13,1.0
2000-11-14,1.0
2000-11-15,1.0
2000-11-16,1.0
2000-11-17,1.0
2000-11-20,1.0
2000-11-21,1.0
2000-11-22,1.0
2000-11-23,1.0
2000-11-27,1.0
2000-11-28,1.0
2000-11-29,1.0
2000-11-30,1.0
2000-12-01,1.0
2000-12-04,1.0
2000-12-05,1.0
2000-12-06,1.0
2000-12-07,1.0
2000-12-08,1.0
2000-12-11,1.0
2000-12-12,1.0
2000-12-13,1.0
2000-12-14,1.0
2000-12-15,1.0
2000-12-18,1.0
2000-12-19,1.0
2000-12-20,1.0
2000-12-21,1.0
2000-12-22,1.0
2000-12-25,1.0
2000-12-26,1.0
2000-12-27,1.0
2000-12-28,1.0
2000-12-29,1.0
2001-01-02,1.0
2001-01-03,1.0
2001-01-04,1.0
2001-01-05,1.0
2001-01-08,1.0
2001-01-09,1.0
2001-01-10,1.0
2001-01-11,1.0
2001-01-12,1.0
2001-01-15,1.0
2001-01-16,1.0
2001-01-17,1.0
2001-01-18,1.0
2001-01-19,1.0
2001-01-22,1.0
2001-01-23,1.0
2001-01-24,1.0
2001-01-25,1.0
2001-01-26,1.0
2001-01-29,1.0
2001-01-30,1.0
2001-01-31,1.0
2001-02-01,1.0
2001-02-02,1.0
2001-02-05,1.0
2001-02-06,1.0
2001-02-07,1.0
2001-02-08,1.0
2001-02-09,1.0
2001-02-12,1.0
2001-02-13,1.0
2001-02-14,1.0
2001-02-15,1.0
2001-02-16,1.0
2001-02-19,1.0
2001-02-20,1.0
2001-02-21,1.0
2001-02-22,1.0
2001-02-23,1.0
2001-02-26,1.0
2001-02-27,1.0
2001-02-28,1.0
2001-03-01,1.0
2001-03-02,1.0
2001-03-05,1.0
2001-03-06,1.0
2001-03-07,1.0
2001-03-08,1.0
2001-03-09,1.0
2001-03-12,1.0
2001-03-13,1.0
2001-03-14,1.0
2001-03-15,1.0
2001-03-16,1.0
2001-03-19,1.0
2001-03-20,1.0
2001-03-21,1.0
2001-03-22,1.0
2001-03-23,1.0
2001-03-26,1.0
2001-03-27,1.0
2001-03-28,1.0
2001-03-29,1.0
2001-03-30,1.0
2001-04-02,1.0
2001-04-03,1.0
2001-04-04,1.0
2001-04-05,1.0
2001-04-06,1.0
2001-04-09,1.0
2001-04-10,1.0
2001-04-11,1.0
2001-04-12,1.0
2001-04-13,1.0
2001-04-16,1.0
2001-04-17,1.0
2001-04-18,1.0
2001-04-19,1.0
2001-04-20,1.0
2001-04-23,1.0
2001-04-24,1.0
2001-04-25,1.0
2001-04-26,1.0
2001-04-27,1.0
2001-04-30,1.0
2001-05-01,1.0
2001-05-02,1.0
2001-05-03,1.0
2001-05-04,1.0
2001-05-07,1.0
2001-05-08,1.0
2001-05-09,1.0
2001-05-10,1.0
2001-05-11,1.0
2001-05-14,1.0
2001-05-15,1.0
2001-05-16,1.0
2001-05-17,1.0
2001-05-18,1.0
2001-05-21,1.0
2001-05-22,1.0
2001-05-23,1.0
2001-05-24,1.0
2001-05-25,1.0
2001-05-28,1.0
2001-05-29,1.0
2001-05-30,1.0
2001-05-31,1.0
2001-06-01,1.0
2001-06-04,1.0
2001-06-05,1.0
2001-06-06,1.0
2001-06-07,1.0
2001-06-08,1.0
2001-06-11,1.0
2001-06-12,1.0
2001-06-13,1.0
2001-06-14,1.0
2001-06-15,1.0
2001-06-18,1.0
2001-06-19,1.0
2001-06-20,1.0
2001-06-21,1.0
2001-06-22,1.0
2001-06-25,1.0
2001-06-26,1.0
2001-06-27,1.0
2001-06-28,1.0
2001-06-29,1.0
2001-07-02,1.0
2001-07-03,1.0
2001-07-04,1.0
2001-07-05,1.0
2001-07-06,1.0
2001-07-09,1.0
2001-07-10,1.0
2001-07-11,1.0
2001-07-12,1.0
2001-07-13,1.0
2001-07-16,1.0
2001-07-17,1.0
2001-07-18,1.0
2001-07-19,1.0
2001-07-20,1.0
2001-07-23,1.0
2001-07-24,1.0
2001-07-25,1.0
2001-07-26,1.0
2001-07-27,1.0
2001-07-30,1.0
2001-07-31,1.0
2001-08-01,1.0
2001-08-02,1.0
2001-08-03,1.0
2001-08-06,1.0
2001-08-07,1.0
2001-08-08,1.0
2001-08-09,1.0
2001-08-10,1.0
2001-08-13,1.0
2001-08-14,1.0
2001-08-15,1.0
2001-08-16,1.0
2001-08-17,1.0
2001-08-20,1.0
2001-08-21,1.0
2001-08-22,1.0
2001-08-23,1.0
2001-08-24,1.0
2001-08-27,1.0
2001-08-28,1.0
2001-08-29,1.0
2001-08-30,1.0
2001-08-31,1.0
2001-09-03,1.0
2001-09-04,1.0
2001-09-05,1.0
2001-09-06,1.0
2001-09-07,1.0
2001-09-10,1.0
2001-09-12,1.0
2001-09-13,1.0
2001-09-14,1.0
2001-09-17,1.0
2001-09-18,1.0
2001-09-19,1.0
2001-09-20,1.0
2001-09-21,1.0
2001-09-24,1.0
2001-09-25,1.0
2001-09-26,1.0
2001-09-27,1.0
2001-09-28,1.0
2001-10-01,1.0
2001-10-02,1.0
2001-10-03,1.0
2001-10-04,1.0
2001-10-05,1.0
2001-10-08,1.0
2001-10-09,1.0
2001-10-10,1.0
2001-10-11,1.0
2001-10-12,1.0
2001-10-15,1.0
2001-10-16,1.0
2001-10-17,1.0
2001-10-18,1.0
2001-10-19,1.0
2001-10-22,1.0
2001-10-23,1.0
2001-10-24,1.0
2001-10-25,1.0
2001-10-26,1.0
2001-10-29,1.0
2001-10-30,1.0
2001-10-31,1.0
2001-11-01,1.0
2001-11-02,1.0
2001-11-05,1.0
2001-11-06,1.0
2001-11-07,1.0
2001-11-08,1.0
2001-11-09,1.0
2001-11-12,1.0
2001-11-13,1.0
2001-11-14,1.0
2001-11-15,1.0
2001-11-16,1.0
2001-11-19,1.0
2001-11-20,1.0
2001-11-21,1.0
2001-11-22,1.0
2001-11-23,1.0
2001-11-26,1.0
2001-11-27,1.0
2001-11-28,1.0
2001-11-29,1.0
2001-11-30,1.0
2001-12-03,1.0
2001-12-04,1.0
2001-12-05,1.0
2001-12-07,1.2
2001-12-10,1.1
2001-12-11,1.1
2001-12-12,1.0
2001-12-13,1.1
2001-12-14,1.1
2001-12-17,1.1
2001-12-18,1.1
2001-12-19,1.1
2002-01-11,1.7
2002-01-14,1.7
2002-01-15,1.9
2002-01-16,1.9
2002-01-17,2.0
2002-01-18,1.9
2002-01-21,1.8
2002-01-22,1.9
2002-01-23,1.8
2002-01-24,1.8
2002-01-25,1.8
2002-01-28,1.8
2002-01-29,1.8
2002-01-30,1.9
2002-01-31,1.9
2002-02-01,2.0
2002-02-04,2.0
2002-02-05,2.0
2002-02-06,2.0
2002-02-07,2.0
2002-02-08,2.0
2002-02-11,2.0
2002-02-12,2.0
2002-02-13,2.0
2002-02-14,2.0
2002-02-15,2.1
2002-02-18,2.1
2002-02-19,2.1
2002-02-20,2.2
2002-02-21,2.1
2002-02-22,2.1
2002-02-25,2.2
2002-02-26,2.2
2002-02-27,2.2
2002-02-28,2.2
2002-03-01,2.2
2002-03-04,2.1
2002-03-05,2.1
2002-03-06,2.1
2002-03-07,2.2
2002-03-08,2.3
2002-03-11,2.3
2002-03-12,2.4
2002-03-13,2.4
2002-03-14,2.5
2002-03-15,2.5
2002-03-18,2.4
2002-03-19,2.5
2002-03-20,2.5
2002-03-21,2.5
2002-03-22,3.1
2002-03-25,3.6
2002-03-26,3.1
2002-03-27,3.0
2002-03-28,3.0
2002-03-29,3.0
2002-04-01,3.0
2002-04-02,2.9
2002-04-03,3.0
2002-04-04,2.8
2002-04-05,2.8
2002-04-08,2.8
2002-04-09,2.8
2002-04-10,2.8
2002-04-11,2.8
2002-04-12,3.0
2002-04-15,3.0
2002-04-16,2.8
2002-04-17,2.9
2002-04-18,3.1
2002-04-19,3.2
2002-04-22,3.2
2002-04-23,3.2
2002-04-24,3.2
2002-04-25,3.2
2002-04-26,3.2
2002-04-29,3.0
2002-04-30,3.0
2002-05-01,3.0
2002-05-02,3.1
2002-05-03,3.2
2002-05-06,3.2
2002-05-07,3.2
2002-05-08,3.2
2002-05-09,3.2
2002-05-10,3.3
2002-05-13,3.3
2002-05-14,3.3
2002-05-15,3.3
2002-05-16,3.3
2002-05-17,3.4
2002-05-20,3.6
2002-05-21,3.5
2002-05-22,3.5
2002-05-23,3.5
2002-05-24,3.6
2002-05-27,3.5
2002-05-28,3.5
2002-05-29,3.6
2002-05-30,3.6
2002-05-31,3.6
2002-06-03,3.6
2002-06-04,3.7
2002-06-05,3.7
2002-06-06,3.7
2002-06-07,3.7
2002-06-10,3.5
2002-06-11,3.5
2002-06-12,3.5
2002-06-13,3.5
2002-06-14,3.6
2002-06-17,3.6
2002-06-18,3.6
2002-06-19,3.6
2002-06-20,3.7
2002-06-21,3.8
2002-06-24,3.8
2002-06-25,3.9
2002-06-26,3.9
2002-06-27,3.9
2002-06-28,3.9
2002-07-01,3.8
2002-07-02,3.7
2002-07-03,3.6
2002-07-04,3.6
2002-07-05,3.6
2002-07-08,3.6
2002-07-09,3.6
2002-07-10,3.6
2002-07-11,3.6
2002-07-12,3.6
2002-07-15,3.6
2002-07-16,3.6
2002-07-17,3.6
2002-07-18,3.6
2002-07-19,3.6
2002-07-22,3.6
2002-07-23,3.7
2002-07-24,3.7
2002-07-25,3.7
2002-07-26,3.7
2002-07-29,3.7
2002-07-30,3.7
2002-07-31,3.7
2002-08-01,3.6
2002-08-02,3.6
2002-08-05,3.6
2002-08-06,3.6
2002-08-07,3.6
2002-08-08,3.6
2002-08-09,3.6
2002-08-12,3.6
2002-08-13,3.6
2002-08-14,3.6
2002-08-15,3.6
2002-08-16,3.6
2002-08-19,3.6
2002-08-20,3.6
2002-08-21,3.6
2002-08-22,3.6
2002-08-23,3.6
2002-08-26,3.6
2002-08-27,3.6
2002-08-28,3.6
2002-08-29,3.6
2002-08-30,3.6
2002-09-02,3.6
2002-09-03,3.6
2002-09-04,3.7
2002-09-05,3.6
2002-09-06,3.6
2002-09-09,3.6
2002-09-10,3.6
2002-09-11,3.6
2002-09-12,3.7
2002-09-13,3.7
2002-09-16,3.7
2002-09-17,3.6
2002-09-18,3.6
2002-09-19,3.7
2002-09-20,3.7
2002-09-23,3.7
2002-09-24,3.7
2002-09-25,3.7
2002-09-26,3.7
2002-09-27,3.8
2002-09-30,3.8
2002-10-01,3.8
2002-10-02,3.8
2002-10-03,3.8
2002-10-04,3.8
2002-10-07,3.8
2002-10-08,3.8
2002-10-09,3.7
2002-10-10,3.7
2002-10-11,3.7
2002-10-14,3.7
2002-10-15,3.7
2002-10-16,3.6
2002-10-17,3.6
2002-10-18,3.6
2002-10-21,3.6
2002-10-22,3.6
2002-10-23,3.6
2002-10-24,3.6
2002-10-25,3.6
2002-10-28,3.6
2002-10-29,3.6
2002-10-30,3.5
2002-10-31,3.5
2002-11-01,3.5
2002-11-04,3.6
2002-11-05,3.6
2002-11-06,3.6
2002-11-07,3.6
2002-11-08,3.6
2002-11-11,3.6
2002-11-12,3.6
2002-11-13,3.5
2002-11-14,3.6
2002-11-15,3.6
2002-11-18,3.6
2002-11-19,3.5
2002-11-20,3.5
2002-11-21,3.6
2002-11-22,3.6
2002-11-25,3.5
2002-11-26,3.5
2002-11-27,3.5
2002-11-28,3.6
2002-11-29,3.7
2002-12-02,3.6
2002-12-03,3.6
2002-12-04,3.6
2002-12-05,3.6
2002-12-06,3.6
2002-12-09,3.6
2002-12-10,3.5
2002-12-11,3.5
2002-12-12,3.5
2002-12-13,3.6
2002-12-16,3.6
2002-12-17,3.6
2002-12-18,3.5
2002-12-19,3.5
2002-12-20,3.5
2002-12-23,3.5
2002-12-24,3.5
2002-12-25,3.5
2002-12-26,3.4
2002-12-27,3.4
2002-12-30,3.4
2002-12-31,3.4
2003-01-02,3.4
2003-01-03,3.4
2003-01-06,3.3
2003-01-07,3.3
2003-01-08,3.3
2003-01-09,3.4
2003-01-10,3.4
2003-01-13,3.3
2003-01-14,3.3
2003-01-15,3.3
2003-01-16,3.3
2003-01-17,3.3
2003-01-20,3.2
2003-01-21,3.1
2003-01-22,3.1
2003-01-23,3.2
2003-01-24,3.2
2003-01-27,3.3
2003-01-28,3.3
2003-01-29,3.3
2003-01-30,3.3
2003-01-31,3.2
2003-02-03,3.2
2003-02-04,3.2
2003-02-05,3.2
2003-02-06,3.2
2003-02-07,3.2
2003-02-10,3.2
2003-02-11,3.1
2003-02-12,3.1
2003-02-13,3.2
2003-02-14,3.2
2003-02-17,3.1
2003-02-18,3.2
2003-02-19,3.2
2003-02-20,3.2
2003-02-21,3.2
2003-02-24,3.2
2003-02-25,3.2
2003-02-26,3.2
2003-02-27,3.2
2003-02-28,3.2
2003-03-03,3.2
2003-03-04,3.2
2003-03-05,3.2
2003-03-06,3.2
2003-03-07,3.2
2003-03-10,3.2
2003-03-11,3.2
2003-03-12,3.1
2003-03-13,3.1
2003-03-14,3.1
2003-03-17,3.1
2003-03-18,3.1
2003-03-19,3.0
2003-03-20,3.1
2003-03-21,3.0
2003-03-24,3.0
2003-03-25,3.0
2003-03-26,2.9
2003-03-27,2.9
2003-03-28,3.0
2003-03-31,3.0
2003-04-01,3.0
2003-04-02,2.9
2003-04-03,2.9
2003-04-04,2.9
2003-04-07,2.9
2003-04-08,2.9
2003-04-09,2.9
2003-04-10,2.9
2003-04-11,2.9
2003-04-14,3.0
2003-04-15,3.0
2003-04-16,2.9
2003-04-17,2.9
2003-04-18,2.9
2003-04-21,2.9
2003-04-22,2.9
2003-04-23,2.9
2003-04-24,2.9
2003-04-25,2.9
2003-04-28,2.9
2003-04-29,2.9
2003-04-30,2.8
2003-05-01,2.8
2003-05-02,2.8
2003-05-05,2.8
2003-05-06,2.8
2003-05-07,2.8
2003-05-08,2.8
2003-05-09,2.8
2003-05-12,2.8
2003-05-13,2.8
2003-05-14,2.8
2003-05-15,2.9
2003-05-16,2.9
2003-05-19,2.9
2003-05-20,2.9
2003-05-21,2.9
2003-05-22,2.9
2003-05-23,2.9
2003-05-26,2.9
2003-05-27,2.9
2003-05-28,2.9
2003-05-29,2.9
2003-05-30,2.9
2003-06-02,2.9
2003-06-03,2.8
2003-06-04,2.8
2003-06-05,2.8
2003-06-06,2.8
2003-06-09,2.8
2003-06-10,2.8
2003-06-11,2.8
2003-06-12,2.8
2003-06-13,2.8
2003-06-16,2.8
2003-06-17,2.8
2003-06-18,2.8
2003-06-19,2.8
2003-06-20,2.8
2003-06-23,2.8
2003-06-24,2.8
2003-06-25,2.8
2003-06-26,2.8
2003-06-27,2.8
2003-06-30,2.8
2003-07-01,2.8
2003-07-02,2.8
2003-07-03,2.8
2003-07-04,2.8
2003-07-07,2.8
2003-07-08,2.8
2003-07-09,2.8
2003-07-10,2.8
2003-07-11,2.8
2003-07-14,2.8
2003-07-15,2.8
2003-07-16,2.8
2003-07-17,2.8
2003-07-18,2.8
2003-07-21,2.8
2003-07-22,2.8
2003-07-23,2.8
2003-07-24,2.8
2003-07-25,2.8
2003-07-28,2.8
2003-07-29,2.9
2003-07-30,2.9
2003-07-31,2.9
2003-08-01,2.9
2003-08-04,3.0
2003-08-05,2.9
2003-08-06,2.9
2003-08-07,2.9
2003-08-08,2.9
2003-08-11,2.9
2003-08-12,2.9
2003-08-13,2.9
2003-08-14,2.9
2003-08-15,2.9
2003-08-18,2.9
2003-08-19,2.9
2003-08-20,2.9
2003-08-21,3.0
2003-08-22,3.0
2003-08-25,2.9
2003-08-26,2.9
2003-08-27,3.0
2003-08-28,3.0
2003-08-29,3.0
2003-09-01,3.0
2003-09-02,3.0
2003-09-03,3.0
2003-09-04,3.0
2003-09-05,2.9
2003-09-08,3.0
2003-09-09,3.0
2003-09-10,2.9
2003-09-11,2.9
2003-09-12,2.9
2003-09-15,2.9
2003-09-16,2.9
2003-09-17,2.9
2003-09-18,2.9
2003-09-19,2.9
2003-09-22,2.9
2003-09-23,2.9
2003-09-24,2.9
2003-09-25,2.9
2003-09-26,2.9
2003-09-29,2.9
2003-09-30,2.9
2003-10-01,2.9
2003-10-02,2.9
2003-10-03,2.9
2003-10-06,2.9
2003-10-07,2.9
2003-10-08,2.9
2003-10-09,2.9
2003-10-10,2.9
2003-10-13,2.9
2003-10-14,2.9
2003-10-15,2.9
2003-10-16,2.9
2003-10-17,2.9
2003-10-20,2.9
2003-10-21,2.9
2003-10-22,2.9
2003-10-23,2.9
2003-10-24,2.9
2003-10-27,2.9
2003-10-28,2.9
2003-10-29,2.9
2003-10-30,2.9
2003-10-31,2.9
2003-11-03,2.9
2003-11-04,2.9
2003-11-05,2.9
2003-11-06,2.9
2003-11-07,2.9
2003-11-10,2.9
2003-11-11,2.9
2003-11-12,2.9
2003-11-13,2.9
2003-11-14,2.9
2003-11-17,2.9
2003-11-18,2.9
2003-11-19,2.9
2003-11-20,2.9
2003-11-21,2.9
2003-11-24,2.9
2003-11-25,2.9
2003-11-26,3.0
2003-11-27,3.0
2003-11-28,3.0
2003-12-01,3.0
2003-12-02,3.0
2003-12-03,3.0
2003-12-04,3.0
2003-12-05,3.0
2003-12-08,3.0
2003-12-09,2.9
2003-12-10,2.9
2003-12-11,3.0
2003-12-12,3.0
2003-12-15,3.0
2003-12-16,3.0
2003-12-17,3.0
2003-12-18,3.0
2003-12-19,3.0
2003-12-22,3.0
2003-12-23,3.0
2003-12-24,3.0
2003-12-25,3.0
2003-12-26,3.0
2003-12-29,3.0
2003-12-30,3.0
2003-12-31,3.0
2004-01-01,3.0
2004-01-02,3.0
2004-01-05,2.9
2004-01-06,2.9
2004-01-07,2.9
2004-01-08,2.9
2004-01-09,2.9
2004-01-12,2.9
2004-01-13,2.9
2004-01-14,2.9
2004-01-15,2.9
2004-01-16,2.9
2004-01-19,2.9
2004-01-20,2.9
2004-01-21,2.9
2004-01-22,2.9
2004-01-23,2.9
2004-01-26,2.9
2004-01-27,2.9
2004-01-28,2.9
2004-01-29,2.9
2004-01-30,2.9
2004-02-02,2.9
2004-02-03,2.9
2004-02-04,2.9
2004-02-05,3.0
2004-02-06,3.0
2004-02-09,2.9
2004-02-10,2.9
2004-02-11,2.9
2004-02-12,2.9
2004-02-13,2.9
2004-02-16,2.9
2004-02-17,2.9
2004-02-18,2.9
2004-02-19,2.9
2004-02-20,2.9
2004-02-23,2.9
2004-02-24,2.9
2004-02-25,2.9
2004-02-26,2.9
2004-02-27,2.9
2004-03-01,2.9
2004-03-02,2.9
2004-03-03,2.9
2004-03-04,2.9
2004-03-05,2.9
2004-03-08,2.9
2004-03-09,2.9
2004-03-10,2.9
2004-03-11,2.9
2004-03-12,2.9
2004-03-15,2.9
2004-03-16,2.9
2004-03-17,2.9
2004-03-18,2.9
2004-03-19,2.9
2004-03-22,2.9
2004-03-23,2.9
2004-03-24,2.9
2004-03-25,2.9
2004-03-26,2.9
2004-03-29,2.9
2004-03-30,2.9
2004-03-31,2.9
2004-04-01,2.9
2004-04-02,2.9
2004-04-05,2.9
2004-04-06,2.8
2004-04-07,2.8
2004-04-08,2.8
2004-04-09,2.8
2004-04-12,2.8
2004-04-13,2.8
2004-04-14,2.8
2004-04-15,2.8
2004-04-16,2.8
2004-04-19,2.8
2004-04-20,2.8
2004-04-21,2.9
2004-04-22,2.9
2004-04-23,2.9
2004-04-26,2.8
2004-04-27,2.8
2004-04-28,2.9
2004-04-29,2.9
2004-04-30,2.8
2004-05-03,2.9
2004-05-04,2.9
2004-05-05,2.9
2004-05-06,2.9
2004-05-07,2.9
2004-05-10,2.9
2004-05-11,2.9
2004-05-12,2.9
2004-05-13,2.9
2004-05-14,2.9
2004-05-17,2.9
2004-05-18,2.9
2004-05-19,2.9
2004-05-20,3.0
2004-05-21,3.0
2004-05-24,3.0
2004-05-25,3.0
2004-05-26,3.0
2004-05-27,3.0
2004-05-28,3.0
2004-05-31,3.0
2004-06-01,3.0
2004-06-02,3.0
2004-06-03,3.0
2004-06-04,3.0
2004-06-07,3.0
2004-06-08,3.0
2004-06-09,3.0
2004-06-10,3.0
2004-06-11,3.0
2004-06-14,3.0
2004-06-15,3.0
2004-06-16,3.0
2004-06-17,3.0
2004-06-18,3.0
2004-06-21,3.0
2004-06-22,3.0
2004-06-23,3.0
2004-06-24,3.0
2004-06-25,3.0
2004-06-28,3.0
2004-06-29,3.0
2004-06-30,3.0
2004-07-01,3.0
2004-07-02,3.0
2004-07-05,2.9
2004-07-06,3.0
2004-07-07,3.0
2004-07-08,3.0
2004-07-09,3.0
2004-07-12,3.0
2004-07-13,3.0
2004-07-14,3.0
2004-07-15,3.0
2004-07-16,3.0
2004-07-19,3.0
2004-07-20,3.0
2004-07-21,3.0
2004-07-22,3.0
2004-07-23,3.0
2004-07-26,3.0
2004-07-27,3.0
2004-07-28,3.0
2004-07-29,3.0
2004-07-30,3.0
2004-08-02,3.0
2004-08-03,3.0
2004-08-04,3.0
2004-08-05,3.1
2004-08-06,3.1
2004-08-09,3.0
2004-08-10,3.0
2004-08-11,3.0
2004-08-12,3.0
2004-08-13,3.0
2004-08-16,3.0
2004-08-17,3.0
2004-08-18,3.0
2004-08-19,3.0
2004-08-20,3.0
2004-08-23,3.0
2004-08-24,3.0
2004-08-25,3.0
2004-08-26,3.0
2004-08-27,3.0
2004-08-30,3.0
2004-08-31,3.0
2004-09-01,3.0
2004-09-02,3.0
2004-09-03,3.0
2004-09-06,3.0
2004-09-07,3.0
2004-09-08,3.0
2004-09-09,3.0
2004-09-10,3.0
2004-09-13,3.0
2004-09-14,3.0
2004-09-15,3.0
2004-09-16,3.0
2004-09-17,3.0
2004-09-20,3.0
2004-09-21,3.0
2004-09-22,3.0
2004-09-23,3.0
2004-09-24,3.0
2004-09-27,3.0
2004-09-28,3.0
2004-09-29,3.0
2004-09-30,3.0
2004-10-01,3.0
2004-10-04,3.0
2004-10-05,3.0
2004-10-06,3.0
2004-10-07,3.0
2004-10-08,3.0
2004-10-11,3.0
2004-10-12,3.0
2004-10-13,3.0
2004-10-14,3.0
2004-10-15,3.0
2004-10-18,3.0
2004-10-19,3.0
2004-10-20,3.0
2004-10-21,3.0
2004-10-22,3.0
2004-10-25,3.0
2004-10-26,3.0
2004-10-27,3.0
2004-10-28,3.0
2004-10-29,3.0
2004-11-01,3.0
2004-11-02,3.0
2004-11-03,3.0
2004-11-04,3.0
2004-11-05,3.0
2004-11-08,3.0
2004-11-09,3.0
2004-11-10,3.0
2004-11-11,3.0
2004-11-12,3.0
2004-11-15,3.0
2004-11-16,3.0
2004-11-17,2.9
2004-11-18,3.0
2004-11-19,3.0
2004-11-22,3.0
2004-11-23,3.0
2004-11-24,3.0
2004-11-25,3.0
2004-11-26,2.9
2004-11-29,2.9
2004-11-30,2.9
2004-12-01,2.9
2004-12-02,3.0
2004-12-03,3.0
2004-12-06,3.0
2004-12-07,3.0
2004-12-08,3.0
2004-12-09,3.0
2004-12-10,3.0
2004-12-13,3.0
2004-12-14,3.0
2004-12-15,3.0
2004-12-16,3.0
2004-12-17,3.0
2004-12-20,3.0
2004-12-21,3.0
2004-12-22,3.0
2004-12-23,3.0
2004-12-24,3.0
2004-12-27,3.0
2004-12-28,3.0
2004-12-29,3.0
2004-12-30,3.0
2004-12-31,3.0
2005-01-03,3.0
2005-01-04,3.0
2005-01-05,3.0
2005-01-06,3.0
2005-01-07,3.0
2005-01-10,3.0
2005-01-11,3.0
2005-01-12,3.0
2005-01-13,3.0
2005-01-14,3.0
2005-01-17,3.0
2005-01-18,3.0
2005-01-19,3.0
2005-01-20,3.0
2005-01-21,3.0
2005-01-24,3.0
2005-01-25,2.9
2005-01-26,2.9
2005-01-27,2.9
2005-01-28,2.9
2005-01-31,2.9
2005-02-01,2.9
2005-02-02,2.9
2005-02-03,2.9
2005-02-04,2.9
2005-02-07,2.9
2005-02-08,2.9
2005-02-09,2.9
2005-02-10,2.9
2005-02-11,2.9
2005-02-14,2.9
2005-02-15,2.9
2005-02-16,2.9
2005-02-17,2.9
2005-02-18,2.9
2005-02-21,2.9
2005-02-22,2.9
2005-02-23,2.9
2005-02-24,2.9
2005-02-25,2.9
2005-02-28,2.9
2005-03-01,2.9
2005-03-02,2.9
2005-03-03,2.9
2005-03-04,2.9
2005-03-07,2.9
2005-03-08,2.9
2005-03-09,2.9
2005-03-10,2.9
2005-03-11,2.9
2005-03-14,2.9
2005-03-15,2.9
2005-03-16,2.9
2005-03-17,2.9
2005-03-18,2.9
2005-03-21,2.9
2005-03-22,2.9
2005-03-23,2.9
2005-03-24,2.9
2005-03-25,2.9
2005-03-28,2.9
2005-03-29,2.9
2005-03-30,2.9
2005-03-31,2.9
2005-04-01,2.9
2005-04-04,2.9
2005-04-05,2.9
2005-04-06,2.9
2005-04-07,2.9
2005-04-08,2.9
2005-04-11,2.9
2005-04-12,2.9
2005-04-13,2.9
2005-04-14,2.9
2005-04-15,2.9
2005-04-18,2.9
2005-04-19,2.9
2005-04-20,2.9
2005-04-21,2.9
2005-04-22,2.9
2005-04-25,2.9
2005-04-26,2.9
2005-04-27,2.9
2005-04-28,2.9
2005-04-29,2.9
2005-05-02,2.9
2005-05-03,2.9
2005-05-04,2.9
2005-05-05,2.9
2005-05-06,2.9
2005-05-09,2.9
2005-05-10,2.9
2005-05-11,2.9
2005-05-12,2.9
2005-05-13,2.9
2005-05-16,2.9
2005-05-17,2.9
2005-05-18,2.9
2005-05-19,2.9
2005-05-20,2.9
2005-05-23,2.9
2005-05-24,2.9
2005-05-25,2.9
2005-05-26,2.9
2005-05-27,2.9
2005-05-30,2.9
2005-05-31,2.9
2005-06-01,2.9
2005-06-02,2.9
2005-06-03,2.9
2005-06-06,2.9
2005-06-07,2.9
2005-06-08,2.9
2005-06-09,2.9
2005-06-10,2.9
2005-06-13,2.9
2005-06-14,2.9
2005-06-15,2.9
2005-06-16,2.9
2005-06-17,2.9
2005-06-20,2.9
2005-06-21,2.9
2005-06-22,2.9
2005-06-23,2.9
2005-06-24,2.9
2005-06-27,2.9
2005-06-28,2.9
2005-06-29,2.9
2005-06-30,2.9
2005-07-01,2.9
2005-07-04,2.9
2005-07-05,2.9
2005-07-06,2.9
2005-07-07,2.9
2005-07-08,2.9
2005-07-11,2.9
2005-07-12,2.9
2005-07-13,2.9
2005-07-14,2.9
2005-07-15,2.9
2005-07-18,2.9
2005-07-19,2.9
2005-07-20,2.9
2005-07-21,2.9
2005-07-22,2.9
2005-07-25,2.9
2005-07-26,2.9
2005-07-27,2.9
2005-07-28,2.9
2005-07-29,2.9
2005-08-01,2.9
2005-08-02,2.9
2005-08-03,2.9
2005-08-04,2.9
2005-08-05,2.9
2005-08-08,2.9
2005-08-09,2.9
2005-08-10,2.9
2005-08-11,2.9
2005-08-12,2.9
2005-08-15,2.9
2005-08-16,2.9
2005-08-17,2.9
2005-08-18,2.9
2005-08-19,2.9
2005-08-22,2.9
2005-08-23,2.9
2005-08-24,2.9
2005-08-25,2.9
2005-08-26,2.9
2005-08-29,2.9
2005-08-30,2.9
2005-08-31,2.9
2005-09-01,2.9
2005-09-02,2.9
2005-09-05,2.9
2005-09-06,2.9
2005-09-07,2.9
2005-09-08,2.9
2005-09-09,2.9
2005-09-12,2.9
2005-09-13,2.9
2005-09-14,2.9
2005-09-15,2.9
2005-09-16,2.9
2005-09-19,2.9
2005-09-20,2.9
2005-09-21,2.9
2005-09-22,2.9
2005-09-23,2.9
2005-09-26,2.9
2005-09-27,2.9
2005-09-28,2.9
2005-09-29,2.9
2005-09-30,2.9
2005-10-03,2.9
2005-10-04,2.9
2005-10-05,2.9
2005-10-06,2.9
2005-10-07,2.9
2005-10-10,2.9
2005-10-11,2.9
2005-10-12,2.9
2005-10-13,3.0
2005-10-14,3.0
2005-10-17,3.0
2005-10-18,3.0
2005-10-19,3.0
2005-10-20,3.0
2005-10-21,3.0
2005-10-24,3.0
2005-10-25,3.0
2005-10-26,3.0
2005-10-27,3.0
2005-10-28,3.0
2005-10-31,3.0
2005-11-01,3.0
2005-11-02,3.0
2005-11-03,3.0
2005-11-04,3.0
2005-11-07,3.0
2005-11-08,3.0
2005-11-09,3.0
2005-11-10,3.0
2005-11-11,3.0
2005-11-14,3.0
2005-11-15,3.0
2005-11-16,3.0
2005-11-17,3.0
2005-11-18,3.0
2005-11-21,3.0
2005-11-22,3.0
2005-11-23,3.0
2005-11-24,3.0
2005-11-25,3.0
2005-11-28,3.0
2005-11-29,3.0
2005-11-30,3.0
2005-12-01,3.0
2005-12-02,3.0
2005-12-05,3.0
2005-12-06,3.0
2005-12-07,3.0
2005-12-08,3.0
2005-12-09,3.0
2005-12-12,3.0
2005-12-13,3.0
2005-12-14,3.0
2005-12-15,3.0
2005-12-16,3.0
2005-12-19,3.0
2005-12-20,3.0
2005-12-21,3.0
2005-12-22,3.0
2005-12-23,3.0
2005-12-26,3.0
2005-12-27,3.1
2005-12-28,3.1
2005-12-29,3.0
2005-12-30,3.0
2006-01-02,3.0
2006-01-03,3.1
2006-01-04,3.1
2006-01-05,3.1
2006-01-06,3.1
2006-01-09,3.1
2006-01-10,3.1
2006-01-11,3.1
2006-01-12,3.1
2006-01-13,3.1
2006-01-16,3.1
2006-01-17,3.1
2006-01-18,3.1
2006-01-19,3.1
2006-01-20,3.1
2006-01-23,3.1
2006-01-24,3.1
2006-01-25,3.1
2006-01-26,3.1
2006-01-27,3.1
2006-01-30,3.1
2006-01-31,3.1
2006-02-01,3.1
2006-02-02,3.1
2006-02-03,3.1
2006-02-06,3.1
2006-02-07,3.1
2006-02-08,3.1
2006-02-09,3.1
2006-02-10,3.1
2006-02-13,3.1
2006-02-14,3.1
2006-02-15,3.1
2006-02-16,3.1
2006-02-17,3.1
2006-02-20,3.1
2006-02-21,3.1
2006-02-22,3.1
2006-02-23,3.1
2006-02-24,3.1
2006-02-27,3.1
2006-02-28,3.1
2006-03-01,3.1
2006-03-02,3.1
2006-03-03,3.1
2006-03-06,3.1
2006-03-07,3.1
2006-03-08,3.1
2006-03-09,3.1
2006-03-10,3.1
2006-03-13,3.1
2006-03-14,3.1
2006-03-15,3.1
2006-03-16,3.1
2006-03-17,3.1
2006-03-20,3.1
2006-03-21,3.1
2006-03-22,3.1
2006-03-23,3.1
2006-03-24,3.1
2006-03-27,3.1
2006-03-28,3.1
2006-03-29,3.1
2006-03-30,3.1
2006-03-31,3.1
2006-04-03,3.1
2006-04-04,3.1
2006-04-05,3.1
2006-04-06,3.1
2006-04-07,3.1
2006-04-10,3.1
2006-04-11,3.1
2006-04-12,3.1
2006-04-13,3.1
2006-04-14,3.1
2006-04-17,3.1
2006-04-18,3.1
2006-04-19,3.1
2006-04-20,3.1
2006-04-21,3.1
2006-04-24,3.1
2006-04-25,3.1
2006-04-26,3.1
2006-04-27,3.1
2006-04-28,3.1
2006-05-01,3.1
2006-05-02,3.1
2006-05-03,3.1
2006-05-04,3.0
2006-05-05,3.1
2006-05-08,3.1
2006-05-09,3.1
2006-05-10,3.1
2006-05-11,3.1
2006-05-12,3.1
2006-05-15,3.1
2006-05-16,3.1
2006-05-17,3.1
2006-05-18,3.1
2006-05-19,3.1
2006-05-22,3.1
2006-05-23,3.1
2006-05-24,3.1
2006-05-25,3.1
2006-05-26,3.1
2006-05-29,3.1
2006-05-30,3.1
2006-05-31,3.1
2006-06-01,3.1
2006-06-02,3.1
2006-06-05,3.1
2006-06-06,3.1
2006-06-07,3.1
2006-06-08,3.1
2006-06-09,3.1
2006-06-12,3.1
2006-06-13,3.1
2006-06-14,3.1
2006-06-15,3.1
2006-06-16,3.1
2006-06-19,3.1
2006-06-20,3.1
2006-06-21,3.1
2006-06-22,3.1
2006-06-23,3.1
2006-06-26,3.1
2006-06-27,3.1
2006-06-28,3.1
2006-06-29,3.1
2006-06-30,3.1
2006-07-03,3.1
2006-07-04,3.1
2006-07-05,3.1
2006-07-06,3.1
2006-07-07,3.1
2006-07-10,3.1
2006-07-11,3.1
2006-07-12,3.1
2006-07-13,3.1
2006-07-14,3.1
2006-07-17,3.1
2006-07-18,3.1
2006-07-19,3.1
2006-07-20,3.1
2006-07-21,3.1
2006-07-24,3.1
2006-07-25,3.1
2006-07-26,3.1
2006-07-27,3.1
2006-07-28,3.1
2006-07-31,3.1
2006-08-01,3.1
2006-08-02,3.1
2006-08-03,3.1
2006-08-04,3.1
2006-08-07,3.1
2006-08-08,3.1
2006-08-09,3.1
2006-08-10,3.1
2006-08-11,3.1
2006-08-14,3.1
2006-08-15,3.1
2006-08-16,3.1
2006-08-17,3.1
2006-08-18,3.1
2006-08-21,3.1
2006-08-22,3.1
2006-08-23,3.1
2006-08-24,3.1
2006-08-25,3.1
2006-08-28,3.1
2006-08-29,3.1
2006-08-30,3.1
2006-08-31,3.1
2006-09-01,3.1
2006-09-04,3.1
2006-09-05,3.1
2006-09-06,3.1
2006-09-07,3.1
2006-09-08,3.1
2006-09-11,3.1
2006-09-12,3.1
2006-09-13,3.1
2006-09-14,3.1
2006-09-15,3.1
2006-09-18,3.1
2006-09-19,3.1
2006-09-20,3.1
2006-09-21,3.1
2006-09-22,3.1
2006-09-25,3.1
2006-09-26,3.1
2006-09-27,3.1
2006-09-28,3.1
2006-09-29,3.1
2006-10-02,3.1
2006-10-03,3.1
2006-10-04,3.1
2006-10-05,3.1
2006-10-06,3.1
2006-10-09,3.1
2006-10-10,3.1
2006-10-11,3.1
2006-10-12,3.1
2006-10-13,3.1
2006-10-16,3.1
2006-10-17,3.1
2006-10-18,3.1
2006-10-19,3.1
2006-10-20,3.1
2006-10-23,3.1
2006-10-24,3.1
2006-10-25,3.1
2006-10-26,3.1
2006-10-27,3.1
2006-10-30,3.1
2006-10-31,3.1
2006-11-01,3.1
2006-11-02,3.1
2006-11-03,3.1
2006-11-06,3.1
2006-11-07,3.1
2006-11-08,3.1
2006-11-09,3.1
2006-11-10,3.1
2006-11-13,3.1
2006-11-14,3.1
2006-11-15,3.1
2006-11-16,3.1
2006-11-17,3.1
2006-11-20,3.1
2006-11-21,3.1
2006-11-22,3.1
2006-11-23,3.1
2006-11-24,3.1
2006-11-27,3.1
2006-11-28,3.1
2006-11-29,3.1
2006-11-30,3.1
2006-12-01,3.1
2006-12-04,3.1
2006-12-05,3.1
2006-12-06,3.1
2006-12-07,3.1
2006-12-08,3.1
2006-12-11,3.1
2006-12-12,3.1
2006-12-13,3.1
2006-12-14,3.1
2006-12-15,3.1
2006-12-18,3.1
2006-12-19,3.1
2006-12-20,3.1
2006-12-21,3.1
2006-12-22,3.1
2006-12-25,3.1
2006-12-26,3.1
2006-12-27,3.1
2006-12-28,3.1
2006-12-29,3.1
2007-01-01,3.1
2007-01-02,3.1
2007-01-03,3.1
2007-01-04,3.1
2007-01-05,3.1
2007-01-08,3.1
2007-01-09,3.1
2007-01-10,3.1
2007-01-11,3.1
2007-01-12,3.1
2007-01-15,3.1
2007-01-16,3.1
2007-01-17,3.1
2007-01-18,3.1
2007-01-19,3.1
2007-01-22,3.1
2007-01-23,3.1
2007-01-24,3.1
2007-01-25,3.1
2007-01-26,3.1
2007-01-29,3.1
2007-01-30,3.1
2007-01-31,3.1
2007-02-01,3.1
2007-02-02,3.1
2007-02-05,3.1
2007-02-06,3.1
2007-02-07,3.1
2007-02-08,3.1
2007-02-09,3.1
2007-02-12,3.1
2007-02-13,3.1
2007-02-14,3.1
2007-02-15,3.1
2007-02-16,3.1
2007-02-19,3.1
2007-02-20,3.1
2007-02-21,3.1
2007-02-22,3.1
2007-02-23,3.1
2007-02-26,3.1
2007-02-27,3.1
2007-02-28,3.1
2007-03-01,3.1
2007-03-02,3.1
2007-03-05,3.1
2007-03-06,3.1
2007-03-07,3.1
2007-03-08,3.1
2007-03-09,3.1
2007-03-12,3.1
2007-03-13,3.1
2007-03-14,3.1
2007-03-15,3.1
2007-03-16,3.1
2007-03-19,3.1
2007-03-20,3.1
2007-03-21,3.1
2007-03-22,3.1
2007-03-23,3.1
2007-03-26,3.1
2007-03-27,3.1
2007-03-28,3.1
2007-03-29,3.1
2007-03-30,3.1
2007-04-02,3.1
2007-04-03,3.1
2007-04-04,3.1
2007-04-05,3.1
2007-04-06,3.1
2007-04-09,3.1
2007-04-10,3.1
2007-04-11,3.1
2007-04-12,3.1
2007-04-13,3.1
2007-04-16,3.1
2007-04-17,3.1
2007-04-18,3.1
2007-04-19,3.1
2007-04-20,3.1
2007-04-23,3.1
2007-04-24,3.1
2007-04-25,3.1
2007-04-26,3.1
2007-04-27,3.1
2007-04-30,3.1
2007-05-01,3.1
2007-05-02,3.1
2007-05-03,3.1
2007-05-04,3.1
2007-05-07,3.1
2007-05-08,3.1
2007-05-09,3.1
2007-05-10,3.1
2007-05-11,3.1
2007-05-14,3.1
2007-05-15,3.1
2007-05-16,3.1
2007-05-17,3.1
2007-05-18,3.1
2007-05-21,3.1
2007-05-22,3.1
2007-05-23,3.1
2007-05-24,3.1
2007-05-25,3.1
2007-05-28,3.1
2007-05-29,3.1
2007-05-30,3.1
2007-05-31,3.1
2007-06-01,3.1
2007-06-04,3.1
2007-06-05,3.1
2007-06-06,3.1
2007-06-07,3.1
2007-06-08,3.1
2007-06-11,3.1
2007-06-12,3.1
2007-06-13,3.1
2007-06-14,3.1
2007-06-15,3.1
2007-06-18,3.1
2007-06-19,3.1
2007-06-20,3.1
2007-06-21,3.1
2007-06-22,3.1
2007-06-25,3.1
2007-06-26,3.1
2007-06-27,3.1
2007-06-28,3.1
2007-06-29,3.1
2007-07-02,3.1
2007-07-03,3.1
2007-07-04,3.1
2007-07-05,3.1
2007-07-06,3.1
2007-07-09,3.1
2007-07-10,3.1
2007-07-11,3.1
2007-07-12,3.1
2007-07-13,3.1
2007-07-16,3.1
2007-07-17,3.1
2007-07-18,3.1
2007-07-19,3.1
2007-07-20,3.1
2007-07-23,3.2
2007-07-24,3.2
2007-07-25,3.2
2007-07-26,3.2
2007-07-27,3.2
2007-07-30,3.2
2007-07-31,3.2
2007-08-01,3.2
2007-08-02,3.2
2007-08-03,3.2
2007-08-06,3.2
2007-08-07,3.2
2007-08-08,3.2
2007-08-09,3.2
2007-08-10,3.2
2007-08-13,3.2
2007-08-14,3.2
2007-08-15,3.2
2007-08-16,3.2
2007-08-17,3.2
2007-08-20,3.2
2007-08-21,3.2
2007-08-22,3.2
2007-08-23,3.2
2007-08-24,3.2
2007-08-27,3.2
2007-08-28,3.2
2007-08-29,3.2
2007-08-30,3.2
2007-08-31,3.2
2007-09-03,3.2
2007-09-04,3.2
2007-09-05,3.2
2007-09-06,3.2
2007-09-07,3.2
2007-09-10,3.2
2007-09-11,3.2
2007-09-12,3.2
2007-09-13,3.2
2007-09-14,3.2
2007-09-17,3.2
2007-09-18,3.2
2007-09-19,3.2
2007-09-20,3.2
2007-09-21,3.2
2007-09-24,3.2
2007-09-25,3.2
2007-09-26,3.2
2007-09-27,3.2
2007-09-28,3.2
2007-10-01,3.2
2007-10-02,3.2
2007-10-03,3.2
2007-10-04,3.2
2007-10-05,3.2
2007-10-08,3.2
2007-10-09,3.2
2007-10-10,3.2
2007-10-11,3.2
2007-10-12,3.2
2007-10-15,3.2
2007-10-16,3.2
2007-10-17,3.2
2007-10-18,3.2
2007-10-19,3.2
2007-10-22,3.2
2007-10-23,3.2
2007-10-24,3.2
2007-10-25,3.2
2007-10-26,3.2
2007-10-29,3.2
2007-10-30,3.2
2007-10-31,3.2
2007-11-01,3.2
2007-11-02,3.2
2007-11-05,3.2
2007-11-06,3.2
2007-11-07,3.2
2007-11-08,3.2
2007-11-09,3.2
2007-11-12,3.2
2007-11-13,3.2
2007-11-14,3.2
2007-11-15,3.2
2007-11-16,3.2
2007-11-19,3.2
2007-11-20,3.2
2007-11-21,3.2
2007-11-22,3.2
2007-11-23,3.2
2007-11-26,3.2
2007-11-27,3.2
2007-11-28,3.2
2007-11-29,3.2
2007-11-30,3.2
2007-12-03,3.1
2007-12-04,3.2
2007-12-05,3.2
2007-12-06,3.2
2007-12-07,3.2
2007-12-10,3.2
2007-12-11,3.1
2007-12-12,3.1
2007-12-13,3.2
2007-12-14,3.2
2007-12-17,3.2
2007-12-18,3.2
2007-12-19,3.2
2007-12-20,3.2
2007-12-21,3.2
2007-12-24,3.2
2007-12-25,3.2
2007-12-26,3.2
2007-12-27,3.2
2007-12-28,3.2
2007-12-31,3.2
2008-01-01,3.2
2008-01-02,3.2
2008-01-03,3.2
2008-01-04,3.2
2008-01-07,3.2
2008-01-08,3.2
2008-01-09,3.2
2008-01-10,3.2
2008-01-11,3.2
2008-01-14,3.2
2008-01-15,3.2
2008-01-16,3.2
2008-01-17,3.2
2008-01-18,3.2
2008-01-21,3.2
2008-01-22,3.2
2008-01-23,3.2
2008-01-24,3.2
2008-01-25,3.2
2008-01-28,3.2
2008-01-29,3.2
2008-01-30,3.2
2008-01-31,3.2
2008-02-01,3.2
2008-02-04,3.2
2008-02-05,3.2
2008-02-06,3.2
2008-02-07,3.2
2008-02-08,3.2
2008-02-11,3.2
2008-02-12,3.2
2008-02-13,3.2
2008-02-14,3.2
2008-02-15,3.2
2008-02-18,3.2
2008-02-19,3.2
2008-02-20,3.2
2008-02-21,3.2
2008-02-22,3.2
2008-02-25,3.2
2008-02-26,3.2
2008-02-27,3.2
2008-02-28,3.2
2008-02-29,3.2
2008-03-03,3.2
2008-03-04,3.2
2008-03-05,3.2
2008-03-06,3.2
2008-03-07,3.2
2008-03-10,3.2
2008-03-11,3.2
2008-03-12,3.2
2008-03-13,3.2
2008-03-14,3.2
2008-03-17,3.2
2008-03-18,3.2
2008-03-19,3.2
2008-03-20,3.2
2008-03-21,3.2
2008-03-24,3.2
2008-03-25,3.2
2008-03-26,3.2
2008-03-27,3.2
2008-03-28,3.2
2008-03-31,3.2
2008-04-01,3.2
2008-04-02,3.2
2008-04-03,3.2
2008-04-04,3.2
2008-04-07,3.2
2008-04-08,3.2
2008-04-09,3.2
2008-04-10,3.2
2008-04-11,3.2
2008-04-14,3.2
2008-04-15,3.2
2008-04-16,3.2
2008-04-17,3.2
2008-04-18,3.2
2008-04-21,3.2
2008-04-22,3.2
2008-04-23,3.2
2008-04-24,3.2
2008-04-25,3.3
2008-04-28,3.2
2008-04-29,3.2
2008-04-30,3.2
2008-05-01,3.2
2008-05-02,3.2
2008-05-05,3.2
2008-05-06,3.2
2008-05-07,3.2
2008-05-08,3.3
2008-05-09,3.3
2008-05-12,3.3
2008-05-13,3.3
2008-05-14,3.3
2008-05-15,3.3
2008-05-16,3.2
2008-05-19,3.2
2008-05-20,3.2
2008-05-21,3.2
2008-05-22,3.2
2008-05-23,3.2
2008-05-26,3.2
2008-05-27,3.2
2008-05-28,3.2
2008-05-29,3.2
2008-05-30,3.2
2008-06-02,3.2
2008-06-03,3.1
2008-06-04,3.2
2008-06-05,3.2
2008-06-06,3.2
2008-06-09,3.1
2008-06-10,3.1
2008-06-11,3.1
2008-06-12,3.1
2008-06-13,3.1
2008-06-16,3.1
2008-06-17,3.1
2008-06-18,3.1
2008-06-19,3.1
2008-06-20,3.1
2008-06-23,3.1
2008-06-24,3.1
2008-06-25,3.1
2008-06-26,3.1
2008-06-27,3.1
2008-06-30,3.1
2008-07-01,3.0
2008-07-02,3.1
2008-07-03,3.1
2008-07-04,3.1
2008-07-07,3.1
2008-07-08,3.1
2008-07-09,3.1
2008-07-10,3.1
2008-07-11,3.1
2008-07-14,3.1
2008-07-15,3.1
2008-07-16,3.1
2008-07-17,3.1
2008-07-18,3.1
2008-07-21,3.1
2008-07-22,3.1
2008-07-23,3.1
2008-07-24,3.1
2008-07-25,3.1
2008-07-28,3.1
2008-07-29,3.1
2008-07-30,3.1
2008-07-31,3.1
2008-08-01,3.1
2008-08-04,3.1
2008-08-05,3.1
2008-08-06,3.1
2008-08-07,3.1
2008-08-08,3.1
2008-08-11,3.1
2008-08-12,3.1
2008-08-13,3.1
2008-08-14,3.1
2008-08-15,3.1
2008-08-18,3.1
2008-08-19,3.1
2008-08-20,3.1
2008-08-21,3.1
2008-08-22,3.1
2008-08-25,3.1
2008-08-26,3.1
2008-08-27,3.1
2008-08-28,3.1
2008-08-29,3.1
2008-09-01,3.1
2008-09-02,3.1
2008-09-03,3.1
2008-09-04,3.1
2008-09-05,3.1
2008-09-08,3.1
2008-09-09,3.1
2008-09-10,3.1
2008-09-11,3.1
2008-09-12,3.1
2008-09-15,3.1
2008-09-16,3.2
2008-09-17,3.2
2008-09-18,3.2
2008-09-19,3.2
2008-09-22,3.1
2008-09-23,3.1
2008-09-24,3.2
2008-09-25,3.2
2008-09-26,3.1
2008-09-29,3.1
2008-09-30,3.2
2008-10-01,3.2
2008-10-02,3.2
2008-10-03,3.2
2008-10-06,3.2
2008-10-07,3.3
2008-10-08,3.3
2008-10-09,3.3
2008-10-10,3.4
2008-10-13,3.4
2008-10-14,3.3
2008-10-15,3.3
2008-10-16,3.3
2008-10-17,3.3
2008-10-20,3.3
2008-10-21,3.3
2008-10-22,3.3
2008-10-23,3.4
2008-10-24,3.4
2008-10-27,3.4
2008-10-28,3.5
2008-10-29,3.5
2008-10-30,3.5
2008-10-31,3.5
2008-11-03,3.4
2008-11-04,3.4
2008-11-05,3.4
2008-11-06,3.4
2008-11-07,3.3
2008-11-10,3.3
2008-11-11,3.3
2008-11-12,3.4
2008-11-13,3.4
2008-11-14,3.4
2008-11-17,3.4
2008-11-18,3.4
2008-11-19,3.4
2008-11-20,3.4
2008-11-21,3.4
2008-11-24,3.4
2008-11-25,3.4
2008-11-26,3.4
2008-11-27,3.4
2008-11-28,3.4
2008-12-01,3.4
2008-12-02,3.4
2008-12-03,3.5
2008-12-04,3.5
2008-12-05,3.5
2008-12-08,3.5
2008-12-09,3.5
2008-12-10,3.5
2008-12-11,3.5
2008-12-12,3.5
2008-12-15,3.5
2008-12-16,3.5
2008-12-17,3.5
2008-12-18,3.5
2008-12-19,3.5
2008-12-22,3.5
2008-12-23,3.5
2008-12-24,3.5
2008-12-25,3.5
2008-12-26,3.5
2008-12-29,3.5
2008-12-30,3.5
2008-12-31,3.5
2009-01-01,3.5
2009-01-02,3.5
2009-01-05,3.5
2009-01-06,3.5
2009-01-07,3.6
2009-01-08,3.5
2009-01-09,3.5
2009-01-12,3.5
2009-01-13,3.5
2009-01-14,3.5
2009-01-15,3.5
2009-01-16,3.5
2009-01-19,3.5
2009-01-20,3.5
2009-01-21,3.5
2009-01-22,3.5
2009-01-23,3.5
2009-01-26,3.5
2009-01-27,3.5
2009-01-28,3.5
2009-01-29,3.6
2009-01-30,3.5
2009-02-02,3.5
2009-02-03,3.5
2009-02-04,3.5
2009-02-05,3.6
2009-02-06,3.5
2009-02-09,3.5
2009-02-10,3.5
2009-02-11,3.5
2009-02-12,3.5
2009-02-13,3.5
2009-02-16,3.5
2009-02-17,3.5
2009-02-18,3.6
2009-02-19,3.6
2009-02-20,3.6
2009-02-23,3.7
2009-02-24,3.7
2009-02-25,3.7
2009-02-26,3.6
2009-02-27,3.6
2009-03-02,3.7
2009-03-03,3.7
2009-03-04,3.7
2009-03-05,3.7
2009-03-06,3.7
2009-03-09,3.7
2009-03-10,3.7
2009-03-11,3.7
2009-03-12,3.7
2009-03-13,3.7
2009-03-16,3.7
2009-03-17,3.7
2009-03-18,3.7
2009-03-19,3.7
2009-03-20,3.8
2009-03-23,3.8
2009-03-24,3.8
2009-03-25,3.8
2009-03-26,3.8
2009-03-27,3.8
2009-03-30,3.8
2009-03-31,3.8
2009-04-01,3.8
2009-04-02,3.8
2009-04-03,3.8
2009-04-06,3.7
2009-04-07,3.7
2009-04-08,3.7
2009-04-09,3.7
2009-04-10,3.7
2009-04-13,3.7
2009-04-14,3.7
2009-04-15,3.7
2009-04-16,3.7
2009-04-17,3.7
2009-04-20,3.7
2009-04-21,3.7
2009-04-22,3.7
2009-04-23,3.7
2009-04-24,3.7
2009-04-27,3.7
2009-04-28,3.7
2009-04-29,3.7
2009-04-30,3.7
2009-05-01,3.7
2009-05-04,3.7
2009-05-05,3.7
2009-05-06,3.7
2009-05-07,3.7
2009-05-08,3.7
2009-05-11,3.8
2009-05-12,3.8
2009-05-13,3.8
2009-05-14,3.8
2009-05-15,3.8
2009-05-18,3.8
2009-05-19,3.8
2009-05-20,3.8
2009-05-21,3.8
2009-05-22,3.8
2009-05-25,3.8
2009-05-26,3.8
2009-05-27,3.8
2009-05-28,3.8
2009-05-29,3.8
2009-06-01,3.8
2009-06-02,3.8
2009-06-03,3.8
2009-06-04,3.8
2009-06-05,3.8
2009-06-08,3.8
2009-06-09,3.8
2009-06-10,3.8
2009-06-11,3.8
2009-06-12,3.8
2009-06-15,3.8
2009-06-16,3.8
2009-06-17,3.8
2009-06-18,3.9
2009-06-19,3.9
2009-06-22,3.9
2009-06-23,3.9
2009-06-24,3.9
2009-06-25,3.9
2009-06-26,3.9
2009-06-29,3.8
2009-06-30,3.8
2009-07-01,3.8
2009-07-02,3.9
2009-07-03,3.8
2009-07-06,3.8
2009-07-07,3.8
2009-07-08,3.8
2009-07-09,3.8
2009-07-10,3.8
2009-07-13,3.8
2009-07-14,3.8
2009-07-15,3.9
2009-07-16,3.9
2009-07-17,3.9
2009-07-20,3.9
2009-07-21,3.9
2009-07-22,3.9
2009-07-23,3.9
2009-07-24,3.9
2009-07-27,3.9
2009-07-28,3.9
2009-07-29,3.9
2009-07-30,3.9
2009-07-31,3.9
2009-08-03,3.9
2009-08-04,3.9
2009-08-05,3.9
2009-08-06,3.8
2009-08-07,3.8
2009-08-10,3.8
2009-08-11,3.8
2009-08-12,3.9
2009-08-13,3.9
2009-08-14,3.9
2009-08-17,3.9
2009-08-18,3.9
2009-08-19,3.9
2009-08-20,3.9
2009-08-21,3.9
2009-08-24,3.9
2009-08-25,3.9
2009-08-26,3.9
2009-08-27,3.9
2009-08-28,3.9
2009-08-31,3.8
2009-09-01,3.9
2009-09-02,3.9
2009-09-03,3.9
2009-09-04,3.8
2009-09-07,3.8
2009-09-08,3.8
2009-09-09,3.8
2009-09-10,3.9
2009-09-11,3.9
2009-09-14,3.9
2009-09-15,3.8
2009-09-16,3.8
2009-09-17,3.9
2009-09-18,3.9
2009-09-21,3.9
2009-09-22,3.9
2009-09-23,3.9
2009-09-24,3.9
2009-09-25,3.9
2009-09-28,3.9
2009-09-29,3.9
2009-09-30,3.8
2009-10-01,3.8
2009-10-02,3.8
2009-10-05,3.8
2009-10-06,3.8
2009-10-07,3.8
2009-10-08,3.8
2009-10-09,3.8
2009-10-12,3.8
2009-10-13,3.8
2009-10-14,3.8
2009-10-15,3.8
2009-10-16,3.8
2009-10-19,3.8
2009-10-20,3.8
2009-10-21,3.8
2009-10-22,3.8
2009-10-23,3.8
2009-10-26,3.8
2009-10-27,3.8
2009-10-28,3.8
2009-10-29,3.8
2009-10-30,3.8
2009-11-02,3.8
2009-11-03,3.8
2009-11-04,3.8
2009-11-05,3.8
2009-11-06,3.8
2009-11-09,3.8
2009-11-10,3.8
2009-11-11,3.8
2009-11-12,3.8
2009-11-13,3.8
2009-11-16,3.8
2009-11-17,3.8
2009-11-18,3.8
2009-11-19,3.8
2009-11-20,3.8
2009-11-23,3.8
2009-11-24,3.8
2009-11-25,3.8
2009-11-26,3.8
2009-11-27,3.8
2009-11-30,3.8
2009-12-01,3.8
2009-12-02,3.8
2009-12-03,3.8
2009-12-04,3.8
2009-12-07,3.8
2009-12-08,3.8
2009-12-09,3.8
2009-12-10,3.8
2009-12-11,3.8
2009-12-14,3.8
2009-12-15,3.8
2009-12-16,3.9
2009-12-17,3.8
2009-12-18,3.8
2009-12-21,3.8
2009-12-22,3.8
2009-12-23,3.8
2009-12-24,3.8
2009-12-25,3.8
2009-12-28,3.8
2009-12-29,3.9
2009-12-30,3.9
2009-12-31,3.9
2010-01-01,3.9
2010-01-04,3.9
2010-01-05,3.9
2010-01-06,3.9
2010-01-07,3.9
2010-01-08,3.9
2010-01-11,3.9
2010-01-12,3.9
2010-01-13,3.9
2010-01-14,3.9
2010-01-15,3.9
2010-01-18,3.9
2010-01-19,3.9
2010-01-20,3.9
2010-01-21,3.9
2010-01-22,3.9
2010-01-25,3.9
2010-01-26,3.9
2010-01-27,3.9
2010-01-28,3.9
2010-01-29,3.9
2010-02-01,3.9
2010-02-02,3.9
2010-02-03,3.9
2010-02-04,3.9
2010-02-05,3.9
2010-02-08,3.9
2010-02-09,3.9
2010-02-10,3.9
2010-02-11,3.9
2010-02-12,3.9
2010-02-15,3.9
2010-02-16,3.9
2010-02-17,3.9
2010-02-18,4.0
2010-02-19,3.9
2010-02-22,3.9
2010-02-23,3.9
2010-02-24,3.9
2010-02-25,3.9
2010-02-26,3.9
2010-03-01,3.9
2010-03-02,3.9
2010-03-03,3.9
2010-03-04,3.9
2010-03-05,3.9
2010-03-08,3.9
2010-03-09,3.9
2010-03-10,3.9
2010-03-11,3.9
2010-03-12,3.9
2010-03-15,3.9
2010-03-16,3.9
2010-03-17,3.9
2010-03-18,3.9
2010-03-19,3.9
2010-03-22,3.9
2010-03-23,3.9
2010-03-24,3.9
2010-03-25,3.9
2010-03-26,3.9
2010-03-29,3.9
2010-03-30,3.9
2010-03-31,3.9
2010-04-01,3.9
2010-04-02,3.9
2010-04-05,3.9
2010-04-06,3.9
2010-04-07,3.9
2010-04-08,3.9
2010-04-09,3.9
2010-04-12,3.9
2010-04-13,3.9
2010-04-14,3.9
2010-04-15,3.9
2010-04-16,3.9
2010-04-19,3.9
2010-04-20,3.9
2010-04-21,3.9
2010-04-22,3.9
2010-04-23,3.9
2010-04-26,3.9
2010-04-27,3.9
2010-04-28,3.9
2010-04-29,3.9
2010-04-30,3.9
2010-05-03,3.9
2010-05-04,3.9
2010-05-05,3.9
2010-05-06,3.9
2010-05-07,3.9
2010-05-10,3.9
2010-05-11,3.9
2010-05-12,3.9
2010-05-13,3.9
2010-05-14,3.9
2010-05-17,3.9
2010-05-18,3.9
2010-05-19,4.0
2010-05-20,4.0
2010-05-21,4.0
2010-05-24,4.0
2010-05-25,4.0
2010-05-26,4.0
2010-05-27,4.0
2010-05-28,4.0
2010-05-31,4.0
2010-06-01,4.0
2010-06-02,4.0
2010-06-03,4.0
2010-06-04,4.0
2010-06-07,4.0
2010-06-08,4.0
2010-06-09,4.0
2010-06-10,4.0
2010-06-11,4.0
2010-06-14,4.0
2010-06-15,4.0
2010-06-16,4.0
2010-06-17,4.0
2010-06-18,4.0
2010-06-21,4.0
2010-06-22,4.0
2010-06-23,4.0
2010-06-24,4.0
2010-06-25,4.0
2010-06-28,4.0
2010-06-29,4.0
2010-06-30,4.0
2010-07-01,4.0
2010-07-02,4.0
2010-07-05,4.0
2010-07-06,4.0
2010-07-07,4.0
2010-07-08,4.0
2010-07-09,4.0
2010-07-12,4.0
2010-07-13,4.0
2010-07-14,4.0
2010-07-15,4.0
2010-07-16,4.0
2010-07-19,4.0
2010-07-20,4.0
2010-07-21,4.0
2010-07-22,4.0
2010-07-23,4.0
2010-07-26,4.0
2010-07-27,4.0
2010-07-28,4.0
2010-07-29,4.0
2010-07-30,4.0
2010-08-02,4.0
2010-08-03,4.0
2010-08-04,4.0
2010-08-05,4.0
2010-08-06,4.0
2010-08-09,4.0
2010-08-10,4.0
2010-08-11,4.0
2010-08-12,4.0
2010-08-13,4.0
2010-08-16,4.0
2010-08-17,4.0
2010-08-18,4.0
2010-08-19,4.0
2010-08-20,4.0
2010-08-23,4.0
2010-08-24,4.0
2010-08-25,4.0
2010-08-26,4.0
2010-08-27,4.0
2010-08-30,4.0
2010-08-31,4.0
2010-09-01,4.0
2010-09-02,4.0
2010-09-03,4.0
2010-09-06,4.0
2010-09-07,4.0
2010-09-08,4.0
2010-09-09,4.0
2010-09-10,4.0
2010-09-13,4.0
2010-09-14,4.0
2010-09-15,4.0
2010-09-16,4.0
2010-09-17,4.0
2010-09-20,4.0
2010-09-21,4.0
2010-09-22,4.0
2010-09-23,4.0
2010-09-24,4.0
2010-09-27,4.0
2010-09-28,4.0
2010-09-29,4.0
2010-09-30,4.0
2010-10-01,4.0
2010-10-04,4.0
2010-10-05,4.0
2010-10-06,4.0
2010-10-07,4.0
2010-10-08,4.0
2010-10-11,4.0
2010-10-12,4.0
2010-10-13,4.0
2010-10-14,4.0
2010-10-15,4.0
2010-10-18,4.0
2010-10-19,4.0
2010-10-20,4.0
2010-10-21,4.0
2010-10-22,4.0
2010-10-25,4.0
2010-10-26,4.0
2010-10-28,4.0
2010-10-29,4.0
2010-11-01,4.0
2010-11-02,4.0
2010-11-03,4.0
2010-11-04,4.0
2010-11-05,4.0
2010-11-08,4.0
2010-11-09,4.0
2010-11-10,4.0
2010-11-11,4.0
2010-11-12,4.0
2010-11-15,4.0
2010-11-16,4.0
2010-11-17,4.0
2010-11-18,4.1
2010-11-19,4.1
2010-11-23,4.0
2010-11-24,4.1
2010-11-25,4.1
2010-11-26,4.1
2010-11-29,4.1
2010-11-30,4.1
2010-12-01,4.1
2010-12-02,4.1
2010-12-03,4.1
2010-12-06,4.0
2010-12-07,4.0
2010-12-09,4.0
2010-12-10,4.0
2010-12-13,4.0
2010-12-14,4.1
2010-12-15,4.1
2010-12-16,4.1
2010-12-17,4.1
2010-12-20,4.1
2010-12-21,4.1
2010-12-22,4.1
2010-12-23,4.1
2010-12-27,4.1
2010-12-28,4.1
2010-12-29,4.1
2010-12-30,4.1
2011-01-03,4.1
2011-01-04,4.1
2011-01-05,4.1
2011-01-06,4.1
2011-01-07,4.1
2011-01-10,4.1
2011-01-11,4.1
2011-01-12,4.1
2011-01-13,4.1
2011-01-14,4.1
2011-01-17,4.1
2011-01-18,4.1
2011-01-19,4.1
2011-01-20,4.2
2011-01-21,4.1
2011-01-24,4.1
2011-01-25,4.1
2011-01-26,4.1
2011-01-27,4.2
2011-01-28,4.2
2011-01-31,4.1
2011-02-01,4.1
2011-02-02,4.1
2011-02-03,4.1
2011-02-04,4.1
2011-02-07,4.1
2011-02-08,4.1
2011-02-09,4.1
2011-02-10,4.1
2011-02-11,4.1
2011-02-14,4.1
2011-02-15,4.2
2011-02-16,4.2
2011-02-17,4.2
2011-02-18,4.2
2011-02-21,4.2
2011-02-22,4.2
2011-02-23,4.2
2011-02-24,4.2
2011-02-25,4.2
2011-02-28,4.2
2011-03-01,4.2
2011-03-02,4.1
2011-03-03,4.1
2011-03-04,4.1
2011-03-09,4.1
2011-03-10,4.1
2011-03-11,4.1
2011-03-14,4.1
2011-03-15,4.2
2011-03-16,4.2
2011-03-17,4.2
2011-03-18,4.2
2011-03-21,4.2
2011-03-22,4.2
2011-03-23,4.2
2011-03-28,4.2
2011-03-29,4.2
2011-03-30,4.2
2011-03-31,4.2
2011-04-01,4.2
2011-04-04,4.2
2011-04-05,4.2
2011-04-06,4.2
2011-04-07,4.2
2011-04-08,4.2
2011-04-11,4.2
2011-04-12,4.2
2011-04-13,4.2
2011-04-14,4.2
2011-04-15,4.2
2011-04-18,4.2
2011-04-19,4.2
2011-04-20,4.2
2011-04-25,4.2
2011-04-26,4.3
2011-04-27,4.3
2011-04-28,4.3
2011-04-29,4.3
2011-05-02,4.3
2011-05-03,4.3
2011-05-04,4.3
2011-05-05,4.3
2011-05-06,4.3
2011-05-09,4.3
2011-05-10,4.3
2011-05-11,4.3
2011-05-12,4.3
2011-05-13,4.3
2011-05-16,4.3
2011-05-17,4.3
2011-05-18,4.3
2011-05-19,4.3
2011-05-20,4.3
2011-05-23,4.3
2011-05-24,4.3
2011-05-26,4.3
2011-05-27,4.3
2011-05-30,4.3
2011-05-31,4.3
2011-06-01,4.3
2011-06-02,4.3
2011-06-03,4.3
2011-06-06,4.3
2011-06-07,4.3
2011-06-08,4.3
2011-06-09,4.3
2011-06-10,4.3
2011-06-13,4.3
2011-06-14,4.3
2011-06-15,4.3
2011-06-16,4.3
2011-06-17,4.3
2011-06-21,4.3
2011-06-22,4.3
2011-06-23,4.3
2011-06-24,4.3
2011-06-27,4.3
2011-06-28,4.3
2011-06-29,4.3
2011-06-30,4.3
2011-07-01,4.3
2011-07-04,4.3
2011-07-05,4.3
2011-07-06,4.3
2011-07-07,4.3
2011-07-08,4.3
2011-07-11,4.3
2011-07-12,4.3
2011-07-13,4.3
2011-07-14,4.3
2011-07-15,4.3
2011-07-18,4.3
2011-07-19,4.3
2011-07-20,4.3
2011-07-21,4.3
2011-07-22,4.3
2011-07-25,4.3
2011-07-26,4.3
2011-07-27,4.3
2011-07-28,4.3
2011-07-29,4.3
2011-08-01,4.3
2011-08-02,4.3
2011-08-03,4.3
2011-08-04,4.3
2011-08-05,4.3
2011-08-08,4.3
2011-08-09,4.3
2011-08-10,4.4
2011-08-11,4.3
2011-08-12,4.3
2011-08-15,4.3
2011-08-16,4.4
2011-08-17,4.4
2011-08-18,4.4
2011-08-19,4.4
2011-08-23,4.4
2011-08-24,4.4
2011-08-25,4.4
2011-08-26,4.4
2011-08-29,4.4
2011-08-30,4.4
2011-08-31,4.4
2011-09-01,4.4
2011-09-02,4.4
2011-09-05,4.4
2011-09-06,4.4
2011-09-07,4.4
2011-09-08,4.4
2011-09-09,4.4
2011-09-12,4.4
2011-09-13,4.4
2011-09-14,4.4
2011-09-15,4.4
2011-09-16,4.4
2011-09-19,4.4
2011-09-20,4.4
2011-09-21,4.4
2011-09-22,4.4
2011-09-23,4.5
2011-09-26,4.5
2011-09-27,4.5
2011-09-28,4.5
2011-09-29,4.4
2011-09-30,4.4
2011-10-03,4.4
2011-10-04,4.4
2011-10-05,4.4
2011-10-06,4.4
2011-10-07,4.4
2011-10-11,4.4
2011-10-12,4.4
2011-10-13,4.4
2011-10-14,4.4
2011-10-17,4.4
2011-10-18,4.4
2011-10-19,4.5
2011-10-20,4.5
2011-10-21,4.5
2011-10-24,4.5
2011-10-25,4.5
2011-10-26,4.5
2011-10-27,4.5
2011-10-28,4.5
2011-10-31,4.5
2011-11-01,4.6
2011-11-02,4.7
2011-11-03,4.7
2011-11-04,4.7
2011-11-07,4.7
2011-11-08,4.8
2011-11-09,4.9
2011-11-10,5.0
2011-11-11,5.0
2011-11-14,4.8
2011-11-15,4.8
2011-11-16,4.8
2011-11-17,4.8
2011-11-18,4.8
2011-11-21,4.8
2011-11-22,4.8
2011-11-23,4.8
2011-11-24,4.8
2011-11-25,4.8
2011-11-29,4.8
2011-11-30,4.8
2011-12-01,4.8
2011-12-02,4.8
2011-12-05,4.8
2011-12-06,4.8
2011-12-07,4.8
2011-12-12,4.8
2011-12-13,4.8
2011-12-14,4.6
2011-12-15,4.6
2011-12-16,4.6
2011-12-19,4.6
2011-12-20,4.6
2011-12-21,4.6
2011-12-22,4.7
2011-12-23,4.7
2011-12-27,4.7
2011-12-28,4.7
2011-12-29,4.7
2012-01-03,4.7
2012-01-04,4.8
2012-01-05,4.8
2012-01-06,4.8
2012-01-09,4.8
2012-01-10,4.8
2012-01-11,4.8
2012-01-12,4.8
2012-01-13,4.8
2012-01-16,4.8
2012-01-17,4.8
2012-01-18,4.8
2012-01-19,4.8
2012-01-20,4.8
2012-01-23,4.8
2012-01-24,4.8
2012-01-25,4.8
2012-01-26,4.8
2012-01-27,4.8
2012-01-30,4.8
2012-01-31,4.8
2012-02-01,4.8
2012-02-02,4.8
2012-02-03,4.8
2012-02-06,4.8
2012-02-07,4.7
2012-02-08,4.7
2012-02-09,4.8
2012-02-10,4.8
2012-02-13,4.7
2012-02-14,4.7
2012-02-15,4.8
2012-02-16,4.7
2012-02-17,4.8
2012-02-22,4.7
2012-02-23,4.7
2012-02-24,4.7
2012-02-28,4.7
2012-02-29,4.7
2012-03-01,4.7
2012-03-02,4.7
2012-03-05,4.7
2012-03-06,4.7
2012-03-07,4.7
2012-03-08,4.7
2012-03-09,4.7
2012-03-12,4.7
2012-03-13,4.7
2012-03-14,4.7
2012-03-15,4.8
2012-03-16,4.8
2012-03-19,4.8
2012-03-20,4.8
2012-03-21,4.9
2012-03-22,4.9
2012-03-23,4.9
2012-03-26,4.9
2012-03-27,4.9
2012-03-28,4.9
2012-03-29,4.9
2012-03-30,4.9
2012-04-03,4.9
2012-04-04,4.9
2012-04-09,4.9
2012-04-10,4.9
2012-04-11,4.9
2012-04-12,4.9
2012-04-13,4.9
2012-04-16,5.0
2012-04-17,5.0
2012-04-18,5.0
2012-04-19,5.0
2012-04-20,5.0
2012-04-23,5.0
2012-04-24,5.1
2012-04-25,5.1
2012-04-26,5.1
2012-04-27,5.1
2012-05-02,5.1
2012-05-03,5.0
2012-05-04,5.0
2012-05-07,5.0
2012-05-08,5.1
2012-05-09,5.1
2012-05-10,5.1
2012-05-11,5.2
2012-05-14,5.3
2012-05-15,5.5
2012-05-16,5.5
2012-05-17,5.6
2012-05-18,5.6
2012-05-21,5.7
2012-05-22,5.9
2012-05-23,6.2
2012-05-24,5.9
2012-05-28,5.9
2012-05-29,5.9
2012-05-30,5.9
2012-05-31,5.9
2012-06-01,6.0
2012-06-04,6.0
2012-06-05,6.0
2012-06-06,6.0
2012-06-07,6.0
2012-06-08,6.0
2012-06-11,6.0
2012-06-12,5.9
2012-06-13,5.9
2012-06-14,5.9
2012-06-15,5.9
2012-06-18,5.9
2012-06-19,5.9
2012-06-21,6.0
2012-06-22,6.0
2012-06-25,6.0
2012-06-26,5.9
2012-06-27,6.0
2012-06-28,6.0
2012-06-29,6.0
2012-07-02,6.0
2012-07-03,6.0
2012-07-04,6.0
2012-07-05,6.0
2012-07-06,6.0
2012-07-10,6.0
2012-07-11,6.0
2012-07-12,6.1
2012-07-13,6.2
2012-07-16,6.3
2012-07-17,6.6
2012-07-18,6.7
2012-07-19,6.6
2012-07-20,6.5
2012-07-23,6.4
2012-07-24,6.4
2012-07-25,6.5
2012-07-26,6.4
2012-07-27,6.5
2012-07-30,6.4
2012-07-31,6.3
2012-08-01,6.3
2012-08-02,6.2
2012-08-03,6.2
2012-08-06,6.2
2012-08-07,6.3
2012-08-08,6.3
2012-08-09,6.3
2012-08-10,6.3
2012-08-13,6.3
2012-08-14,6.3
2012-08-15,6.3
2012-08-16,6.3
2012-08-17,6.3
2012-08-21,6.3
2012-08-22,6.4
2012-08-23,6.4
2012-08-24,6.4
2012-08-27,6.4
2012-08-28,6.4
2012-08-29,6.4
2012-08-30,6.4
2012-08-31,6.4
2012-09-03,6.3
2012-09-04,6.3
2012-09-05,6.3
2012-09-06,6.3
2012-09-07,6.3
2012-09-10,6.3
2012-09-11,6.3
2012-09-12,6.3
2012-09-13,6.3
2012-09-14,6.3
2012-09-17,6.3
2012-09-18,6.3
2012-09-19,6.3
2012-09-20,6.3
2012-09-21,6.3
2012-09-25,6.3
2012-09-26,6.3
2012-09-27,6.3
2012-09-28,6.3
2012-10-01,6.3
2012-10-02,6.3
2012-10-03,6.2
2012-10-04,6.2
2012-10-05,6.2
2012-10-09,6.2
2012-10-10,6.2
2012-10-11,6.2
2012-10-12,6.2
2012-10-15,6.2
2012-10-16,6.2
2012-10-17,6.3
2012-10-18,6.3
2012-10-19,6.3
2012-10-22,6.3
2012-10-23,6.3
2012-10-24,6.4
2012-10-25,6.4
2012-10-26,6.4
2012-10-29,6.3
2012-10-30,6.4
2012-10-31,6.3
2012-11-01,6.3
2012-11-02,6.3
2012-11-05,6.3
2012-11-07,6.3
2012-11-08,6.3
2012-11-09,6.3
2012-11-12,6.3
2012-11-13,6.3
2012-11-14,6.3
2012-11-15,6.3
2012-11-16,6.4
2012-11-19,6.4
2012-11-20,6.4
2012-11-21,6.4
2012-11-22,6.4
2012-11-23,6.5
2012-11-27,6.5
2012-11-28,6.5
2012-11-29,6.4
2012-11-30,6.4
2012-12-03,6.4
2012-12-04,6.4
2012-12-05,6.4
2012-12-06,6.4
2012-12-07,6.5
2012-12-10,6.5
2012-12-11,6.4
2012-12-12,6.5
2012-12-13,6.5
2012-12-14,6.5
2012-12-17,6.5
2012-12-18,6.5
2012-12-19,6.5
2012-12-20,6.6
2012-12-21,6.6
2012-12-26,6.6
2012-12-27,6.8
2012-12-28,6.8
2013-01-02,6.9
2013-01-03,7.1
2013-01-04,7.0
2013-01-07,7.0
2013-01-08,7.0
2013-01-09,7.1
2013-01-10,7.2
2013-01-11,7.2
2013-01-14,7.2
2013-01-15,7.4
2013-01-16,7.5
2013-01-17,7.5
2013-01-18,7.5
2013-01-21,7.4
2013-01-22,7.4
2013-01-23,7.5
2013-01-24,7.6
2013-01-25,7.6
2013-01-28,7.7
2013-01-29,7.8
2013-01-30,7.9
2013-02-01,7.9
2013-02-04,7.7
2013-02-05,7.6
2013-02-06,7.7
2013-02-07,7.7
2013-02-08,7.7
2013-02-13,7.7
2013-02-14,7.7
2013-02-15,7.7
2013-02-18,7.7
2013-02-19,7.8
2013-02-21,7.8
2013-02-22,7.8
2013-02-25,7.8
2013-02-26,7.8
2013-02-27,7.8
2013-02-28,7.8
2013-03-01,7.8
2013-03-04,7.8
2013-03-05,7.8
2013-03-06,7.8
2013-03-07,7.8
2013-03-08,7.8
2013-03-11,7.8
2013-03-12,7.8
2013-03-13,7.9
2013-03-14,8.0
2013-03-15,8.1
2013-03-18,8.1
2013-03-19,8.3
2013-03-20,8.8
2013-03-21,8.4
2013-03-22,8.5
2013-03-25,8.3
2013-03-26,8.3
2013-03-27,8.4
2013-04-03,8.3
2013-04-04,8.3
2013-04-05,8.4
2013-04-08,8.3
2013-04-09,8.4
2013-04-10,8.4
2013-04-11,8.4
2013-04-12,8.4
2013-04-15,8.4
2013-04-16,8.5
2013-04-17,8.7
2013-04-18,8.7
2013-04-19,8.6
2013-04-22,8.7
2013-04-23,8.9
2013-04-24,8.9
2013-04-25,9.2
2013-04-26,9.3
2013-04-29,9.3
2013-04-30,9.4
2013-05-02,9.6
2013-05-03,9.9
2013-05-06,9.9
2013-05-07,10.1
2013-05-08,10.4
2013-05-09,10.0
2013-05-10,10.0
2013-05-13,10.0
2013-05-14,9.2
2013-05-15,9.1
2013-05-16,8.9
2013-05-17,8.9
2013-05-20,8.9
2013-05-21,8.6
2013-05-22,8.4
2013-05-23,8.8
2013-05-24,8.9
2013-05-27,8.9
2013-05-28,8.9
2013-05-29,8.9
2013-05-30,8.9
2013-05-31,8.8
2013-06-03,8.6
2013-06-04,8.5
2013-06-05,8.6
2013-06-06,8.6
2013-06-07,8.6
2013-06-10,8.6
2013-06-11,8.6
2013-06-12,8.6
2013-06-13,8.6
2013-06-14,8.6
2013-06-17,8.6
2013-06-18,8.6
2013-06-19,8.6
2013-06-24,8.1
2013-06-25,8.1
2013-06-26,8.1
2013-06-27,8.1
2013-06-28,8.1
2013-07-01,8.0
2013-07-02,7.9
2013-07-03,8.0
2013-07-04,8.0
2013-07-05,8.0
2013-07-08,8.0
2013-07-10,8.1
2013-07-11,8.2
2013-07-12,8.3
2013-07-15,8.6
2013-07-16,8.8
2013-07-17,8.8
2013-07-18,8.8
2013-07-19,8.8
2013-07-22,8.8
2013-07-23,8.6
2013-07-24,8.7
2013-07-25,8.7
2013-07-26,8.7
2013-07-29,8.7
2013-07-30,8.6
2013-07-31,8.6
2013-08-01,8.7
2013-08-02,8.8
2013-08-05,8.7
2013-08-06,8.7
2013-08-07,8.8
2013-08-08,9.0
2013-08-09,8.8
2013-08-12,8.7
2013-08-13,8.8
2013-08-14,8.9
2013-08-15,8.9
2013-08-16,8.9
2013-08-20,9.0
2013-08-21,9.0
2013-08-22,9.2
2013-08-23,9.2
2013-08-26,9.3
2013-08-27,9.5
2013-08-28,9.5
2013-08-29,9.5
2013-08-30,9.3
2013-09-02,9.2
2013-09-03,9.2
2013-09-04,9.2
2013-09-05,9.3
2013-09-06,9.3
2013-09-09,9.2
2013-09-10,9.2
2013-09-11,9.2
2013-09-12,9.3
2013-09-13,9.3
2013-09-16,9.3
2013-09-17,9.3
2013-09-18,9.4
2013-09-19,9.4
2013-09-20,9.4
2013-09-23,9.4
2013-09-24,9.5
2013-09-25,9.6
2013-09-26,9.6
2013-09-27,9.5
2013-09-30,9.5
2013-10-01,9.5
2013-10-02,9.6
2013-10-03,9.6
2013-10-04,9.6
2013-10-07,9.6
2013-10-08,9.6
2013-10-09,9.7
2013-10-10,9.8
2013-10-11,9.7
2013-10-15,9.6
2013-10-16,9.8
2013-10-17,9.8
2013-10-18,9.9
2013-10-21,9.9
2013-10-22,10.1
2013-10-23,10.1
2013-10-24,10.1
2013-10-25,10.1
2013-10-28,9.8
2013-10-29,9.9
2013-10-30,9.9
2013-10-31,9.9
2013-11-01,9.9
2013-11-04,9.9
2013-11-05,9.8
2013-11-06,9.8
2013-11-07,9.8
2013-11-08,9.8
2013-11-11,9.8
2013-11-12,9.8
2013-11-13,9.9
2013-11-14,10.0
2013-11-15,9.9
2013-11-18,9.9
2013-11-19,9.9
2013-11-20,9.9
2013-11-21,9.9
2013-11-22,9.9
2013-11-26,9.8
2013-11-27,9.7
2013-11-28,9.7
2013-11-29,9.6
2013-12-02,9.2
2013-12-03,9.3
2013-12-04,9.6
2013-12-05,9.7
2013-12-06,9.5
2013-12-09,9.5
2013-12-10,9.6
2013-12-11,9.5
2013-12-12,9.6
2013-12-13,9.6
2013-12-16,9.7
2013-12-17,9.8
2013-12-18,9.8
2013-12-19,9.7
2013-12-20,9.7
2013-12-23,9.7
2013-12-26,10.0
2013-12-27,10.0
2013-12-30,10.0
2014-01-02,10.2
2014-01-03,10.3
2014-01-06,10.5
2014-01-07,10.9
2014-01-08,10.8
2014-01-09,10.8
2014-01-10,10.8
2014-01-13,10.8
2014-01-14,10.9
2014-01-15,11.2
2014-01-16,11.6
2014-01-17,11.9
2014-01-20,11.7
2014-01-21,11.8
2014-01-22,12.2
2014-01-23,13.1
2014-01-24,11.7
2014-01-27,12.2
2014-01-28,12.6
2014-01-29,12.9
2014-01-30,12.7
2014-01-31,12.7
2014-02-03,12.6
2014-02-04,12.6
2014-02-05,12.6
2014-02-06,12.4
2014-02-07,12.2
2014-02-10,11.7
2014-02-11,11.7
2014-02-12,12.2
2014-02-13,11.9
2014-02-14,11.9
2014-02-17,11.8
2014-02-18,11.8
2014-02-19,11.8
2014-02-20,11.8
2014-02-21,11.8
2014-02-24,11.7
2014-02-25,11.7
2014-02-26,11.6
2014-02-27,11.4
2014-02-28,11.2
2014-03-05,10.6
2014-03-06,11.0
2014-03-07,11.1
2014-03-10,10.9
2014-03-11,10.8
2014-03-12,10.9
2014-03-13,11.0
2014-03-14,10.9
2014-03-17,10.9
2014-03-18,10.9
2014-03-19,10.9
2014-03-20,10.9
2014-03-21,10.9
2014-03-25,10.9
2014-03-26,10.9
2014-03-27,10.9
2014-03-28,10.9
2014-03-31,10.8
2014-04-01,10.8
2014-04-03,10.7
2014-04-04,10.6
2014-04-07,10.6
2014-04-08,10.3
2014-04-09,10.4
2014-04-10,10.4
2014-04-11,10.4
2014-04-14,10.3
2014-04-15,10.4
2014-04-16,10.4
2014-04-21,10.4
2014-04-22,10.4
2014-04-23,10.5
2014-04-24,10.7
2014-04-25,10.7
2014-04-28,10.7
2014-04-29,10.6
2014-04-30,10.6
2014-05-05,10.5
2014-05-06,10.6
2014-05-07,10.7
2014-05-08,10.7
2014-05-09,10.7
2014-05-12,10.7
2014-05-13,10.8
2014-05-14,10.8
2014-05-15,11.0
2014-05-16,11.1
2014-05-19,11.3
2014-05-20,11.8
2014-05-21,12.1
2014-05-22,11.8
2014-05-23,11.4
2014-05-26,11.6
2014-05-27,11.8
2014-05-28,11.8
2014-05-29,11.8
2014-05-30,11.4
2014-06-02,11.5
2014-06-03,11.6
2014-06-04,11.6
2014-06-05,11.6
2014-06-06,11.6
2014-06-09,11.6
2014-06-10,11.7
2014-06-11,11.7
2014-06-12,11.8
2014-06-13,11.7
2014-06-16,12.0
2014-06-17,12.2
2014-06-18,12.3
2014-06-19,12.4
2014-06-23,11.9
2014-06-24,12.1
2014-06-25,12.2
2014-06-26,12.2
2014-06-27,12.2
2014-06-30,12.2
2014-07-01,12.2
2014-07-02,12.1
2014-07-03,12.1
2014-07-04,12.1
2014-07-07,12.0
2014-07-08,12.1
2014-07-10,12.0
2014-07-11,12.0
2014-07-14,12.1
2014-07-15,12.2
2014-07-16,12.2
2014-07-17,12.3
2014-07-18,12.3
2014-07-21,12.3
2014-07-22,12.4
2014-07-23,12.7
2014-07-24,12.6
2014-07-25,12.7
2014-07-28,13.0
2014-07-29,12.8
2014-07-30,12.4
2014-07-31,12.7
2014-08-01,12.8
2014-08-04,12.7
2014-08-05,12.8
2014-08-06,12.8
2014-08-07,12.8
2014-08-08,12.8
2014-08-11,12.8
2014-08-12,12.9
2014-08-13,13.2
2014-08-14,13.2
2014-08-15,13.2
2014-08-19,13.2
2014-08-20,13.6
2014-08-21,13.9
2014-08-22,13.9
2014-08-25,14.0
2014-08-26,14.2
2014-08-27,14.4
2014-08-28,14.4
2014-08-29,14.1
2014-09-01,14.2
2014-09-02,14.2
2014-09-03,14.3
2014-09-04,14.0
2014-09-05,14.1
2014-09-08,14.2
2014-09-09,14.2
2014-09-10,14.3
2014-09-11,14.3
2014-09-12,14.4
2014-09-15,14.5
2014-09-16,14.7
2014-09-17,15.1
2014-09-18,15.0
2014-09-19,15.0
2014-09-22,15.2
2014-09-23,15.4
2014-09-24,15.9
2014-09-25,15.8
2014-09-26,15.8
2014-09-29,15.6
2014-09-30,15.7
2014-10-01,15.6
2014-10-02,15.5
2014-10-03,15.3
2014-10-06,14.9
2014-10-07,14.7
2014-10-08,14.7
2014-10-09,14.8
2014-10-10,14.9
2014-10-14,14.8
2014-10-15,14.7
2014-10-16,14.7
2014-10-17,14.7
2014-10-20,14.7
2014-10-21,14.7
2014-10-22,14.7
2014-10-23,14.7
2014-10-24,14.7
2014-10-27,14.7
2014-10-28,14.6
2014-10-29,14.5
2014-10-30,14.3
2014-10-31,14.3
2014-11-03,13.9
2014-11-04,13.6
2014-11-05,13.5
2014-11-06,13.5
2014-11-07,13.1
2014-11-10,12.7
2014-11-11,13.2
2014-11-12,13.7
2014-11-13,13.4
2014-11-14,13.4
2014-11-17,13.5
2014-11-18,13.6
2014-11-19,13.6
2014-11-20,13.5
2014-11-21,13.4
2014-11-25,13.3
2014-11-26,13.3
2014-11-27,13.2
2014-11-28,13.1
2014-12-01,12.8
2014-12-02,13.0
2014-12-03,13.1
2014-12-04,12.9
2014-12-05,12.8
2014-12-09,12.8
2014-12-10,12.8
2014-12-11,12.7
2014-12-12,12.8
2014-12-15,13.2
2014-12-16,13.2
2014-12-17,13.1
2014-12-18,13.2
2014-12-19,13.1
2014-12-22,13.2
2014-12-23,13.4
2014-12-29,13.7
2014-12-30,14.1
2015-01-02,14.0
2015-01-05,13.8
2015-01-06,13.8
2015-01-07,13.8
2015-01-08,13.8
2015-01-09,13.8
2015-01-12,13.7
2015-01-13,13.6
2015-01-14,13.6
2015-01-15,13.6
2015-01-16,13.6
2015-01-19,13.7
2015-01-20,13.7
2015-01-21,13.7
2015-01-22,13.7
2015-01-23,13.7
2015-01-26,13.7
2015-01-27,13.7
2015-01-28,13.8
2015-01-29,13.6
2015-01-30,13.6
2015-02-02,13.4
2015-02-03,13.3
2015-02-04,13.3
2015-02-05,13.2
2015-02-06,13.2
2015-02-09,13.2
2015-02-10,13.2
2015-02-11,13.2
2015-02-12,13.1
2015-02-13,13.2
2015-02-18,13.0
2015-02-19,12.8
2015-02-20,13.1
2015-02-23,13.2
2015-02-24,13.2
2015-02-25,13.2
2015-02-26,13.1
2015-02-27,13.0
2015-03-02,13.0
2015-03-03,12.9
2015-03-04,12.9
2015-03-05,12.8
2015-03-06,12.8
2015-03-09,12.8
2015-03-10,12.8
2015-03-11,12.8
2015-03-12,12.9
2015-03-13,13.0
2015-03-16,12.9
2015-03-17,12.9
2015-03-18,13.0
2015-03-19,12.9
2015-03-20,12.8
2015-03-25,12.8
2015-03-26,12.8
2015-03-27,12.8
2015-03-30,12.6
2015-03-31,12.6
2015-04-01,12.6
2015-04-06,12.5
2015-04-07,12.4
2015-04-08,12.4
2015-04-09,12.4
2015-04-10,12.4
2015-04-13,12.4
2015-04-14,12.5
2015-04-15,12.8
2015-04-16,12.7
2015-04-17,12.7
2015-04-20,12.7
2015-04-21,12.7
2015-04-22,12.8
2015-04-23,12.8
2015-04-24,12.8
2015-04-27,12.7
2015-04-28,12.7
2015-04-29,12.7
2015-04-30,12.7
2015-05-04,12.6
2015-05-05,12.6
2015-05-06,12.6
2015-05-07,12.6
2015-05-08,12.6
2015-05-11,12.5
2015-05-12,12.5
2015-05-13,12.6
2015-05-14,12.6
2015-05-15,12.7
2015-05-18,12.7
2015-05-19,12.7
2015-05-20,12.6
2015-05-21,12.6
2015-05-22,12.7
2015-05-26,12.7
2015-05-27,12.7
2015-05-28,12.7
2015-05-29,12.7
2015-06-01,12.6
2015-06-02,12.7
2015-06-03,12.7
2015-06-04,12.6
2015-06-05,12.7
2015-06-08,12.6
2015-06-09,12.6
2015-06-10,12.6
2015-06-11,12.7
2015-06-12,12.7
2015-06-15,12.7
2015-06-16,12.8
2015-06-17,12.9
2015-06-18,13.1
2015-06-19,13.0
2015-06-22,13.1
2015-06-23,13.3
2015-06-24,13.7
2015-06-25,13.5
2015-06-26,13.3
2015-06-29,13.3
2015-06-30,13.4
2015-07-01,13.6
2015-07-02,13.6
2015-07-03,13.5
2015-07-06,13.4
2015-07-07,13.6
2015-07-08,13.6
2015-07-10,13.6
2015-07-13,13.8
2015-07-14,14.0
2015-07-15,13.9
2015-07-16,14.1
2015-07-17,14.2
2015-07-20,14.6
2015-07-21,15.1
2015-07-22,14.9
2015-07-23,14.6
2015-07-24,14.5
2015-07-27,14.7
2015-07-28,15.0
2015-07-29,14.9
2015-07-30,14.9
2015-07-31,14.9
2015-08-03,14.9
2015-08-04,14.9
2015-08-05,14.9
2015-08-06,15.0
2015-08-07,14.9
2015-08-10,14.8
2015-08-11,14.8
2015-08-12,14.9
2015-08-13,15.0
2015-08-14,15.1
2015-08-18,15.1
2015-08-19,15.2
2015-08-20,15.3
2015-08-21,15.6
2015-08-24,15.8
2015-08-25,16.0
2015-08-26,15.9
2015-08-27,15.7
2015-08-28,15.5
2015-08-31,15.5
2015-09-01,15.5
2015-09-02,15.6
2015-09-03,15.7
2015-09-04,15.5
2015-09-07,15.4
2015-09-08,15.5
2015-09-09,15.6
2015-09-10,15.5
2015-09-11,15.5
2015-09-14,15.6
2015-09-15,15.7
2015-09-16,15.8
2015-09-17,15.9
2015-09-18,15.9
2015-09-21,15.9
2015-09-22,15.9
2015-09-23,15.9
2015-09-24,16.0
2015-09-25,16.1
2015-09-28,16.0
2015-09-29,16.0
2015-09-30,16.0
2015-10-01,15.9
2015-10-02,15.9
2015-10-05,15.8
2015-10-06,15.7
2015-10-07,15.8
2015-10-08,15.8
2015-10-09,15.8
2015-10-13,15.8
2015-10-14,15.8
2015-10-15,15.8
2015-10-16,15.9
2015-10-19,16.1
2015-10-20,16.0
2015-10-21,15.9
2015-10-22,16.0
2015-10-23,16.1
2015-10-26,15.8
2015-10-27,15.8
2015-10-28,15.9
2015-10-29,15.8
2015-10-30,15.8
2015-11-02,15.6
2015-11-03,15.5
2015-11-04,15.5
2015-11-05,15.1
2015-11-06,15.1
2015-11-09,14.4
2015-11-10,14.7
2015-11-11,15.3
2015-11-12,15.3
2015-11-13,15.1
2015-11-16,15.1
2015-11-17,15.3
2015-11-18,15.4
2015-11-19,15.2
2015-11-20,15.1
2015-11-23,15.2
2015-11-24,15.2
2015-11-25,15.1
2015-11-26,15.0
2015-11-30,14.7
2015-12-01,14.5
2015-12-02,14.8
2015-12-03,14.7
2015-12-04,14.8
2015-12-09,14.7
2015-12-10,14.8
2015-12-11,14.9
2015-12-14,14.7
2015-12-15,14.5
2015-12-16,14.6
2015-12-17,14.4
2015-12-18,14.2
2015-12-21,13.9
2015-12-22,13.9
2015-12-23,14.1
2015-12-24,14.1
2015-12-28,14.3
2015-12-29,14.4
2015-12-30,14.3
2016-01-04,14.2
2016-01-05,14.3
2016-01-06,14.4
2016-01-07,14.4
2016-01-08,14.4
2016-01-11,14.4
2016-01-12,14.4
2016-01-13,14.4
2016-01-14,14.4
2016-01-15,14.4
2016-01-18,14.4
2016-01-19,14.4
2016-01-20,14.3
2016-01-21,14.4
2016-01-22,14.3
2016-01-25,14.3
2016-01-26,14.4
2016-01-27,14.4
2016-01-28,14.3
2016-01-29,14.3
2016-02-01,14.3
2016-02-02,14.2
2016-02-03,14.3
2016-02-04,14.3
2016-02-05,14.3
2016-02-10,14.2
2016-02-11,14.5
2016-02-12,14.9
2016-02-15,15.0
2016-02-16,15.1
2016-02-17,15.3
2016-02-18,15.3
2016-02-19,15.3
2016-02-22,15.4
2016-02-23,15.4
2016-02-24,15.6
2016-02-25,15.7
2016-02-26,15.7
2016-02-29,15.6
2016-03-01,15.9
2016-03-02,15.9
2016-03-03,15.7
2016-03-04,15.7
2016-03-07,15.7
2016-03-08,15.7
2016-03-09,15.7
2016-03-10,15.7
2016-03-11,15.6
2016-03-14,15.6
2016-03-15,15.3
2016-03-16,15.4
2016-03-17,15.6
2016-03-18,15.6
2016-03-21,15.4
2016-03-22,15.3
2016-03-23,15.3
2016-03-28,15.4
2016-03-29,15.4
2016-03-30,15.3
2016-03-31,15.3
2016-04-01,15.2
2016-04-04,15.2
2016-04-05,15.1
2016-04-06,15.0
2016-04-07,14.9
2016-04-08,14.9
2016-04-11,15.0
2016-04-12,15.0
2016-04-13,14.9
2016-04-14,15.0
2016-04-15,14.9
2016-04-18,14.8
2016-04-19,14.7
2016-04-20,14.7
2016-04-21,14.8
2016-04-22,14.9
2016-04-25,14.8
2016-04-26,14.8
2016-04-27,14.7
2016-04-28,14.7
2016-04-29,14.7
2016-05-02,14.7
2016-05-03,14.7
2016-05-04,14.7
2016-05-05,14.6
2016-05-06,14.5
2016-05-09,14.5
2016-05-10,14.5
2016-05-11,14.6
2016-05-12,14.7
2016-05-13,14.6
2016-05-16,14.7
2016-05-17,14.7
2016-05-18,14.7
2016-05-19,14.7
2016-05-20,14.7
2016-05-23,14.7
2016-05-24,14.7
2016-05-26,14.7
2016-05-27,14.7
2016-05-30,14.6
2016-05-31,14.5
2016-06-01,14.4
2016-06-02,14.4
2016-06-03,14.3
2016-06-06,14.2
2016-06-07,14.2
2016-06-08,14.2
2016-06-09,14.3
2016-06-10,14.3
2016-06-13,14.4
2016-06-14,14.4
2016-06-15,14.5
2016-06-16,14.4
2016-06-21,14.5
2016-06-22,14.6
2016-06-23,14.8
2016-06-24,15.0
2016-06-27,15.3
2016-06-28,15.0
2016-06-29,14.9
2016-06-30,14.9
2016-07-01,15.0
2016-07-04,14.9
2016-07-05,15.0
2016-07-06,14.9
2016-07-07,14.9
2016-07-11,15.0
2016-07-12,15.1
2016-07-13,15.1
2016-07-14,15.1
2016-07-15,15.3
2016-07-18,15.4
2016-07-19,15.2
2016-07-20,15.4
2016-07-21,15.3
2016-07-22,15.4
2016-07-25,15.6
2016-07-26,15.5
2016-07-27,15.6
2016-07-28,15.5
2016-07-29,15.5
2016-08-01,15.5
2016-08-02,15.3
2016-08-03,15.3
2016-08-04,15.3
2016-08-05,15.2
2016-08-08,15.3
2016-08-09,15.3
2016-08-10,15.3
2016-08-11,15.3
2016-08-12,15.3
2016-08-16,15.4
2016-08-17,15.4
2016-08-18,15.4
2016-08-19,15.4
2016-08-22,15.5
2016-08-23,15.5
2016-08-24,15.5
2016-08-25,15.5
2016-08-26,15.5
2016-08-29,15.5
2016-08-30,15.5
2016-08-31,15.4
2016-09-01,15.3
2016-09-02,15.4
2016-09-05,15.4
2016-09-06,15.4
2016-09-07,15.3
2016-09-08,15.3
2016-09-09,15.3
2016-09-12,15.4
2016-09-13,15.4
2016-09-14,15.4
2016-09-15,15.4
2016-09-16,15.5
2016-09-19,15.6
2016-09-20,15.8
2016-09-21,15.7
2016-09-22,15.7
2016-09-23,15.7
2016-09-26,15.8
2016-09-27,15.8
2016-09-28,15.8
2016-09-29,15.7
2016-09-30,15.7
2016-10-03,15.7
2016-10-04,15.6
2016-10-05,15.6
2016-10-06,15.6
2016-10-07,15.6
2016-10-11,15.6
2016-10-12,15.5
2016-10-13,15.6
2016-10-14,15.6
2016-10-17,15.7
2016-10-18,15.6
2016-10-19,15.6
2016-10-20,15.6
2016-10-21,15.6
2016-10-24,15.6
2016-10-25,15.6
2016-10-26,15.6
2016-10-27,15.5
2016-10-28,15.6
2016-10-31,15.6
2016-11-01,15.4
2016-11-02,15.4
2016-11-03,15.4
2016-11-04,15.4
2016-11-07,15.5
2016-11-08,15.4
2016-11-09,15.4
2016-11-10,15.3
2016-11-11,15.5
2016-11-14,15.8
2016-11-15,15.7
2016-11-16,15.7
2016-11-17,15.7
2016-11-18,15.8
2016-11-21,15.8
2016-11-22,15.8
2016-11-23,15.9
2016-11-24,16.0
2016-11-25,16.1
2016-11-29,16.1
2016-11-30,16.1
2016-12-01,16.2
2016-12-02,16.4
2016-12-05,16.3
2016-12-06,16.2
2016-12-07,16.3
2016-12-12,16.3
2016-12-13,16.4
2016-12-14,16.4
2016-12-15,16.7
2016-12-16,16.7
2016-12-19,16.7
2016-12-20,16.6
2016-12-21,16.6
2016-12-22,16.6
2016-12-23,16.7
2016-12-26,16.9
2016-12-27,16.8
2016-12-28,16.8
2016-12-29,16.9
2016-12-30,16.9
2017-01-02,17.0
2017-01-03,17.1
2017-01-04,17.0
2017-01-05,16.9
2017-01-06,16.9
2017-01-09,16.9
2017-01-10,16.9
2017-01-11,16.8
2017-01-12,16.8
2017-01-13,16.8
2017-01-16,16.8
2017-01-17,16.9
2017-01-18,16.9
2017-01-19,16.9
2017-01-20,16.9
2017-01-23,16.9
2017-01-24,16.9
2017-01-25,16.9
2017-01-26,16.8
2017-01-27,16.8
2017-01-30,16.7
2017-01-31,16.6
2017-02-01,16.6
2017-02-02,16.5
2017-02-03,16.5
2017-02-06,16.5
2017-02-07,16.5
2017-02-08,16.5
2017-02-09,16.4
2017-02-10,16.4
2017-02-13,16.4
2017-02-14,16.4
2017-02-15,16.3
2017-02-16,16.3
2017-02-17,16.5
2017-02-20,16.5
2017-02-21,16.4
2017-02-22,16.4
2017-02-23,16.3
2017-02-24,16.3
2017-03-01,16.2
2017-03-02,16.0
2017-03-03,16.1
2017-03-06,16.1
2017-03-07,16.1
2017-03-08,16.0
2017-03-09,16.0
2017-03-10,16.0
2017-03-13,16.1
2017-03-14,16.1
2017-03-15,16.1
2017-03-16,16.0
2017-03-17,16.1
2017-03-20,16.2
2017-03-21,16.1
2017-03-22,16.1
2017-03-23,16.1
2017-03-27,16.1
2017-03-28,16.1
2017-03-29,15.9
2017-03-30,15.9
2017-03-31,16.0
2017-04-03,16.0
2017-04-04,15.9
2017-04-05,15.9
2017-04-06,15.9
2017-04-07,15.7
2017-04-10,15.6
2017-04-11,15.7
2017-04-12,15.7
2017-04-17,15.9
2017-04-18,15.9
2017-04-19,16.1
2017-04-20,16.1
2017-04-21,16.1
2017-04-24,16.1
2017-04-25,16.1
2017-04-26,16.1
2017-04-27,15.9
2017-04-28,16.0
2017-05-02,16.0
2017-05-03,15.9
2017-05-04,15.9
2017-05-05,15.9
2017-05-08,16.0
2017-05-09,15.9
2017-05-10,15.9
2017-05-11,15.9
2017-05-12,15.9
2017-05-15,16.0
2017-05-16,16.1
2017-05-17,16.1
2017-05-18,16.2
2017-05-19,16.1
2017-05-22,16.2
2017-05-23,16.3
2017-05-24,16.3
2017-05-26,16.3
2017-05-29,16.4
2017-05-30,16.4
2017-05-31,16.4
2017-06-01,16.3
2017-06-02,16.3
2017-06-05,16.3
2017-06-06,16.4
2017-06-07,16.4
2017-06-08,16.3
2017-06-09,16.4
2017-06-12,16.4
2017-06-13,16.5
2017-06-14,16.5
2017-06-15,16.5
2017-06-16,16.5
2017-06-19,16.6
2017-06-21,16.7
2017-06-22,16.5
2017-06-23,16.6
2017-06-26,16.7
2017-06-27,16.7
2017-06-28,16.7
2017-06-29,16.7
2017-06-30,16.8
2017-07-03,16.8
2017-07-04,17.0
2017-07-05,17.2
2017-07-06,17.2
2017-07-07,17.2
2017-07-10,17.3
2017-07-11,17.4
2017-07-12,17.5
2017-07-13,17.6
2017-07-14,17.6
2017-07-17,17.7
2017-07-18,17.8
2017-07-19,17.8
2017-07-20,17.8
2017-07-21,18.0
2017-07-24,18.1
2017-07-25,18.1
2017-07-26,18.3
2017-07-27,18.4
2017-07-28,18.4
2017-07-31,18.1
2017-08-01,18.1
2017-08-02,18.3
2017-08-03,18.2
2017-08-04,18.1
2017-08-07,18.2
2017-08-08,18.4
2017-08-09,18.4
2017-08-10,18.5
2017-08-11,18.5
2017-08-14,18.1
2017-08-15,18.1
2017-08-16,18.3
2017-08-17,18.4
2017-08-18,18.3
2017-08-22,18.3
2017-08-23,18.3
2017-08-24,18.3
2017-08-25,18.3
2017-08-28,18.3
2017-08-29,18.3
2017-08-30,18.3
2017-08-31,18.3
2017-09-01,18.1
2017-09-04,18.1
2017-09-05,18.0
2017-09-06,17.9
2017-09-07,17.8
2017-09-08,17.9
2017-09-11,17.9
2017-09-12,17.9
2017-09-13,17.9
2017-09-14,17.9
2017-09-15,17.8
2017-09-18,17.9
2017-09-19,17.9
2017-09-20,18.0
2017-09-21,17.9
2017-09-22,17.9
2017-09-25,18.0
2017-09-26,18.1
2017-09-27,18.0
2017-09-28,18.0
2017-09-29,17.9
2017-10-02,18.0
2017-10-03,17.9
2017-10-04,17.8
2017-10-05,17.8
2017-10-06,17.8
2017-10-09,17.9
2017-10-10,17.9
2017-10-11,17.9
2017-10-12,17.9
2017-10-13,17.9
2017-10-17,18.0
2017-10-18,18.1
2017-10-19,18.0
2017-10-20,18.0
2017-10-23,18.1
2017-10-24,18.1
2017-10-25,18.1
2017-10-26,18.1
2017-10-27,18.1
2017-10-30,18.1
2017-10-31,18.1
2017-11-01,18.0
2017-11-02,18.0
2017-11-03,18.0
2017-11-07,18.0
2017-11-08,17.9
2017-11-09,17.9
2017-11-10,18.0
2017-11-13,18.1
2017-11-14,18.1
2017-11-15,18.1
2017-11-16,18.1
2017-11-17,18.1
2017-11-21,18.1
2017-11-22,18.1
2017-11-23,18.1
2017-11-24,18.1
2017-11-27,18.1
2017-11-28,18.1
2017-11-29,18.1
2017-11-30,18.0
2017-12-01,18.0
2017-12-04,18.1
2017-12-05,18.0
2017-12-06,17.9
2017-12-07,17.9
2017-12-11,17.9
2017-12-12,17.9
2017-12-13,17.9
2017-12-14,18.0
2017-12-15,18.1
2017-12-18,18.2
2017-12-19,18.2
2017-12-20,18.1
2017-12-21,18.1
2017-12-22,18.3
2017-12-26,18.9
2017-12-27,19.1
2017-12-28,19.3
2017-12-29,19.3
2018-01-02,19.2
2018-01-03,19.3
2018-01-04,19.4
2018-01-05,19.4
2018-01-08,19.6
2018-01-09,19.5
2018-01-10,19.3
2018-01-11,19.4
2018-01-12,19.5
2018-01-15,19.6
2018-01-16,19.6
2018-01-17,19.6
2018-01-18,19.6
2018-01-19,19.7
2018-01-22,19.8
2018-01-23,19.9
2018-01-24,20.0
2018-01-25,20.0
2018-01-26,20.0
2018-01-29,20.0
2018-01-30,20.0
2018-01-31,19.9
2018-02-01,19.9
2018-02-02,19.9
2018-02-05,19.9
2018-02-06,19.9
2018-02-07,19.9
2018-02-08,19.9
2018-02-09,20.2
2018-02-14,20.0
2018-02-15,19.9
2018-02-16,19.9
2018-02-19,20.2
2018-02-20,20.2
2018-02-21,20.1
2018-02-22,20.1
2018-02-23,20.1
2018-02-26,20.4
2018-02-27,20.3
2018-02-28,20.3
2018-03-01,20.3
2018-03-02,20.4
2018-03-05,20.3
2018-03-06,20.4
2018-03-07,20.5
2018-03-08,20.5
2018-03-09,20.6
2018-03-12,20.7
2018-03-13,20.7
2018-03-14,20.8
2018-03-15,20.8
2018-03-16,20.9
2018-03-19,20.9
2018-03-20,21.0
2018-03-21,21.0
2018-03-22,20.9
2018-03-23,20.9
2018-03-26,20.9
2018-03-27,20.8
2018-03-28,20.8
2018-04-03,20.8
2018-04-04,20.6
2018-04-05,20.4
2018-04-06,20.6
2018-04-09,20.5
2018-04-10,20.4
2018-04-11,20.4
2018-04-12,20.5
2018-04-13,20.5
2018-04-16,20.5
2018-04-17,20.6
2018-04-18,20.6
2018-04-19,20.6
2018-04-20,20.6
2018-04-23,20.6
2018-04-24,20.6
2018-04-25,20.6
2018-04-26,20.7
2018-04-27,20.9
2018-05-02,21.1
2018-05-03,21.6
2018-05-04,21.7
2018-05-07,22.0
2018-05-08,22.7
2018-05-09,23.1
2018-05-10,23.3
2018-05-11,24.2
2018-05-14,26.8
2018-05-15,24.8
2018-05-16,25.0
2018-05-17,25.2
2018-05-18,25.4
2018-05-21,25.4
2018-05-22,25.4
2018-05-23,25.4
2018-05-24,25.6
2018-05-28,25.9
2018-05-29,25.9
2018-05-30,25.9
2018-05-31,26.0
2018-06-01,26.0
2018-06-04,26.0
2018-06-05,25.9
2018-06-06,25.6
2018-06-07,25.6
2018-06-08,25.8
2018-06-11,26.1
2018-06-12,26.3
2018-06-13,26.6
2018-06-14,27.9
2018-06-15,28.1
2018-06-18,28.1
2018-06-19,28.4
2018-06-21,28.0
2018-06-22,27.9
2018-06-25,27.9
2018-06-26,28.0
2018-06-27,27.9
2018-06-28,28.1
2018-06-29,28.9
2018-07-02,28.9
2018-07-03,29.0
2018-07-04,28.9
2018-07-05,28.9
2018-07-06,28.9
2018-07-10,28.5
2018-07-11,28.4
2018-07-12,28.4
2018-07-13,28.7
2018-07-16,28.9
2018-07-17,28.8
2018-07-18,28.6
2018-07-19,28.6
2018-07-20,28.8
2018-07-23,28.7
2018-07-24,28.6
2018-07-25,28.6
2018-07-26,28.6
2018-07-27,28.6
2018-07-30,28.4
2018-07-31,28.2
2018-08-01,28.2
2018-08-02,28.1
2018-08-03,28.1
2018-08-06,28.1
2018-08-07,27.8
2018-08-08,27.8
2018-08-09,27.9
2018-08-10,29.0
2018-08-13,29.7
2018-08-14,29.3
2018-08-15,29.8
2018-08-16,29.6
2018-08-17,29.9
2018-08-21,30.4
2018-08-22,30.8
2018-08-23,31.0
2018-08-24,31.6
2018-08-27,32.5
2018-08-28,33.3
2018-08-29,34.1
2018-08-30,40.0
2018-08-31,37.5
2018-09-03,38.0
2018-09-04,38.5
2018-09-05,38.5
2018-09-06,36.8
2018-09-07,36.5
2018-09-10,37.2
2018-09-11,38.5
2018-09-12,38.0
2018-09-13,38.8
2018-09-14,39.0
2018-09-17,40.0
2018-09-18,39.8
2018-09-19,39.0
2018-09-20,38.8
2018-09-21,38.2
2018-09-24,38.2
2018-09-25,38.2
2018-09-26,38.2
2018-09-27,38.5
2018-09-28,39.8
2018-10-01,38.5
2018-10-02,38.5
2018-10-03,38.5
2018-10-04,38.0
2018-10-05,38.0
2018-10-08,37.8
2018-10-09,37.5
2018-10-10,37.5
2018-10-11,37.5
2018-10-12,37.8
2018-10-16,37.0
2018-10-17,37.0
2018-10-18,37.2
2018-10-19,37.0
2018-10-22,36.5
2018-10-23,37.0
2018-10-24,37.0
2018-10-25,36.8
2018-10-26,36.8
2018-10-29,36.5
2018-10-30,36.0
2018-10-31,35.8
2018-11-01,35.5
2018-11-02,35.5
2018-11-05,35.2
2018-11-06,35.2
2018-11-07,35.0
2018-11-08,34.8
2018-11-09,34.8
2018-11-12,35.2
2018-11-13,36.2
2018-11-14,35.8
2018-11-15,35.2
2018-11-16,35.5
2018-11-20,35.5
2018-11-21,35.8
2018-11-22,35.8
2018-11-23,37.0
2018-11-26,38.2
2018-11-27,37.0
2018-11-28,36.8
2018-11-29,36.8
2018-12-03,36.0
2018-12-04,36.5
2018-12-05,37.0
2018-12-06,36.8
2018-12-07,36.8
2018-12-10,37.0
2018-12-11,37.5
2018-12-12,37.5
2018-12-13,37.8
2018-12-14,38.0
2018-12-17,38.2
2018-12-18,39.0
2018-12-19,38.5
2018-12-20,38.2
2018-12-21,38.8
2018-12-26,40.5
2018-12-27,40.0
2018-12-28,40.5
2019-01-02,40.5
2019-01-03,40.2
2019-01-04,40.0
2019-01-07,39.5
2019-01-08,39.2
2019-01-09,39.8
2019-01-10,39.2
2019-01-11,39.2
2019-01-14,39.0
2019-01-15,39.2
2019-01-16,39.2
2019-01-17,39.0
2019-01-18,39.0
2019-01-21,38.8
2019-01-22,38.8
2019-01-23,39.0
2019-01-24,38.5
2019-01-25,38.2
2019-01-28,38.2
2019-01-29,38.5
2019-01-30,38.2
2019-01-31,37.5
2019-02-01,37.8
2019-02-04,37.5
2019-02-05,37.3
2019-02-06,37.2
2019-02-07,37.8
2019-02-08,37.5
2019-02-11,38.0
2019-02-12,38.0
2019-02-13,38.2
2019-02-14,38.5
2019-02-15,38.8
2019-02-18,38.8
2019-02-19,39.0
2019-02-20,39.8
2019-02-21,39.2
2019-02-22,38.8
2019-02-25,38.8
2019-02-26,39.2
2019-02-27,39.0
2019-02-28,39.0
2019-03-01,39.0
2019-03-06,40.5
2019-03-07,42.5
2019-03-08,41.0
2019-03-11,41.0
2019-03-12,41.2
2019-03-13,41.5
2019-03-14,41.0
2019-03-15,41.0
2019-03-18,41.0
2019-03-19,41.2
2019-03-20,41.2
2019-03-21,41.2
2019-03-22,41.8
2019-03-25,41.9
2019-03-26,42.5
2019-03-27,44.0
2019-03-28,43.8
2019-03-29,43.6
2019-04-01,43.5
2019-04-03,43.5
2019-04-04,43.6
2019-04-05,44.0
2019-04-08,44.0
2019-04-09,44.0
2019-04-10,44.0
2019-04-11,44.0
2019-04-12,43.6
2019-04-15,43.5
2019-04-16,43.8
2019-04-17,43.5
2019-04-22,44.4
2019-04-23,44.1
2019-04-24,44.5
2019-04-25,46.0
2019-04-26,46.1
2019-04-29,45.1
2019-04-30,46.0
2019-05-02,46.2
2019-05-03,45.8
2019-05-06,46.5
2019-05-07,46.0
2019-05-08,46.0
2019-05-09,46.0
2019-05-10,46.0
2019-05-13,46.0
2019-05-14,46.0
2019-05-15,46.0
2019-05-16,46.0
2019-05-17,46.1
2019-05-20,46.4
2019-05-21,46.2
2019-05-22,46.1
2019-05-23,46.2
2019-05-24,46.1
2019-05-27,46.1
2019-05-28,46.2
2019-05-29,46.2
2019-05-30,45.9
2019-05-31,46.0
2019-06-03,46.1
2019-06-04,46.0
2019-06-05,45.6
2019-06-06,45.6
2019-06-07,45.7
2019-06-10,45.5
2019-06-11,45.5
2019-06-12,45.3
2019-06-13,45.3
2019-06-14,45.2
2019-06-18,45.1
2019-06-19,44.9
2019-06-21,44.5
2019-06-24,44.4
2019-06-25,44.1
2019-06-26,44.2
2019-06-27,44.2
2019-06-28,43.8
2019-07-01,43.5
2019-07-02,43.5
2019-07-03,43.0
2019-07-04,42.9
2019-07-05,42.9
2019-07-10,42.8
2019-07-11,43.2
2019-07-12,43.2
2019-07-15,43.8
2019-07-16,44.5
2019-07-17,44.2
2019-07-18,44.0
2019-07-19,44.0
2019-07-22,44.0
2019-07-23,44.2
2019-07-24,44.6
2019-07-25,45.0
2019-07-26,45.0
2019-07-29,45.1
2019-07-30,45.1
2019-07-31,45.2
2019-08-01,45.4
2019-08-02,45.9
2019-08-05,46.6
2019-08-06,46.4
2019-08-07,46.5
2019-08-08,46.7
2019-08-09,46.9
2019-08-12,57.0
2019-08-13,57.0
2019-08-14,62.0
2019-08-15,59.0
2019-08-16,59.0
2019-08-20,58.0
2019-08-21,58.5
2019-08-22,58.0
2019-08-23,58.0
2019-08-26,57.5
2019-08-27,59.0
2019-08-28,60.5
2019-08-29,60.8
2019-08-30,63.0
2019-09-02,63.5
2019-09-03,61.0
2019-09-04,59.0
2019-09-05,59.0
2019-09-06,59.0
2019-09-09,59.0
2019-09-10,58.8
2019-09-11,59.0
2019-09-12,60.0
2019-09-13,61.5
2019-09-16,61.5
2019-09-17,62.0
2019-09-18,62.8
2019-09-19,63.0
2019-09-20,62.8
2019-09-23,62.2
2019-09-24,61.8
2019-09-25,61.8
2019-09-26,62.0
2019-09-27,61.5
2019-09-30,61.2
2019-10-01,60.8
2019-10-02,61.5
2019-10-03,61.0
2019-10-04,61.2
2019-10-07,61.2
2019-10-08,61.5
2019-10-09,61.8
2019-10-10,63.0
2019-10-11,63.5
2019-10-15,63.5
2019-10-16,64.5
2019-10-17,67.5
2019-10-18,65.2
2019-10-21,66.2
2019-10-22,67.2
2019-10-23,69.8
2019-10-24,69.8
2019-10-25,75.8
2019-10-28,74.0
2019-10-29,67.0
2019-10-30,67.0
2019-10-31,69.0
2019-11-01,67.5
2019-11-04,65.5
2019-11-05,64.5
2019-11-06,65.0
2019-11-07,64.0
2019-11-08,65.2
2019-11-11,64.5
2019-11-12,65.5
2019-11-13,66.8
2019-11-14,66.8
2019-11-15,66.8
2019-11-19,66.5
2019-11-20,66.8
2019-11-21,66.8
2019-11-22,68.5
2019-11-25,68.0
2019-11-26,68.2
2019-11-27,69.2
2019-11-28,69.8
2019-11-29,69.2
2019-12-02,68.2
2019-12-03,68.5
2019-12-04,69.0
2019-12-05,70.0
2019-12-06,71.0
2019-12-09,70.0
2019-12-10,69.5
2019-12-11,68.5
2019-12-12,66.5
2019-12-13,66.8
2019-12-16,72.5
2019-12-17,74.0
2019-12-18,76.0
2019-12-19,75.8
2019-12-20,75.0
2019-12-23,76.8
2019-12-26,80.0
2019-12-27,78.5
2019-12-30,78.5
2020-01-02,77.0
2020-01-03,77.0
2020-01-06,77.2
2020-01-07,76.2
2020-01-08,76.5
2020-01-09,76.5
2020-01-10,76.5
2020-01-13,76.5
2020-01-14,77.5
2020-01-15,78.0
2020-01-16,77.8
2020-01-17,77.8
2020-01-20,78.0
2020-01-21,77.5
2020-01-22,77.8
2020-01-23,77.8
2020-01-24,78.5
2020-01-27,78.0
2020-01-28,78.2
2020-01-29,78.2
2020-01-30,78.0
2020-01-31,78.0
2020-02-03,78.0
2020-02-04,78.0
2020-02-05,78.0
2020-02-06,77.5
2020-02-07,77.5
2020-02-10,77.0
2020-02-11,77.5
2020-02-12,78.2
2020-02-13,78.9
2020-02-14,77.9
2020-02-17,78.0
2020-02-18,78.7
2020-02-19,78.9
2020-02-20,78.8
2020-02-21,78.8
2020-02-26,78.7
2020-02-27,78.5
2020-02-28,78.5
2020-03-02,78.5
2020-03-03,78.5
2020-03-04,78.5
2020-03-05,78.5
2020-03-06,78.5
2020-03-09,79.5
2020-03-10,79.8
2020-03-11,80.0
2020-03-12,83.0
2020-03-13,83.8
2020-03-16,85.0
2020-03-17,86.5
2020-03-18,89.2
2020-03-19,85.5
2020-03-20,85.5
2020-03-25,84.5
2020-03-26,84.5
2020-03-27,83.5
2020-03-30,83.5
2020-04-01,83.5
2020-04-02,83.5
2020-04-03,83.5
2020-04-06,85.0
2020-04-07,85.0
2020-04-08,85.0
2020-04-13,89.2
2020-04-14,90.0
2020-04-15,96.0
2020-04-16,100.0
2020-04-17,105.0
2020-04-20,105.0
2020-04-21,107.0
2020-04-22,110.0
2020-04-23,120.0
2020-04-24,117.0
2020-04-27,118.0
2020-04-28,120.0
2020-04-29,121.0
2020-04-30,118.0
2020-05-04,120.0
2020-05-05,120.0
2020-05-06,122.0
2020-05-07,122.0
2020-05-08,122.0
2020-05-11,124.5
2020-05-12,127.0
2020-05-13,133.0
2020-05-14,138.0
2020-05-15,138.0
2020-05-18,128.0
2020-05-19,124.0
2020-05-20,124.0
2020-05-21,125.0
2020-05-22,126.0
2020-05-26,129.0
2020-05-27,127.0
2020-05-28,124.0
2020-05-29,125.0
2020-06-01,128.0
2020-06-02,124.0
2020-06-03,123.0
2020-06-04,123.0
2020-06-05,125.0
2020-06-08,125.0
2020-06-09,124.0
2020-06-10,124.0
2020-06-11,123.0
2020-06-12,126.0
2020-06-16,125.0
2020-06-17,124.0
2020-06-18,127.0
2020-06-19,128.0
2020-06-22,127.0
2020-06-23,127.0
2020-06-24,128.0
2020-06-25,128.0
2020-06-26,129.0
2020-06-29,129.0
2020-06-30,126.0
2020-07-01,128.0
2020-07-02,129.0
2020-07-03,127.0
2020-07-06,127.0
2020-07-07,127.0
2020-07-08,127.0
2020-07-10,127.0
2020-07-13,127.0
2020-07-14,127.0
2020-07-15,127.0
2020-07-16,130.0
2020-07-17,130.0
2020-07-20,130.0
2020-07-21,132.0
2020-07-22,133.0
2020-07-23,136.0
2020-07-24,139.0
2020-07-27,136.0
2020-07-28,135.0
2020-07-29,135.0
2020-07-30,136.0
2020-07-31,136.0
2020-08-03,136.0
2020-08-04,128.0
2020-08-05,129.0
2020-08-06,130.0
2020-08-07,132.0
2020-08-10,131.0
2020-08-11,131.0
2020-08-12,132.0
2020-08-13,133.0
2020-08-14,132.0
2020-08-17,132.0
2020-08-18,132.0
2020-08-19,134.0
2020-08-20,136.0
2020-08-21,138.0
2020-08-24,137.0
2020-08-25,137.0
2020-08-26,137.0
2020-08-27,138.0
2020-08-28,136.0
2020-08-31,135.0
2020-09-01,133.0
2020-09-02,133.0
2020-09-03,134.0
2020-09-04,132.0
2020-09-07,131.0
2020-09-08,131.0
2020-09-09,131.0
2020-09-10,131.0
2020-09-11,131.0
2020-09-14,132.0
2020-09-15,131.0
2020-09-16,145.0
2020-09-17,141.0
2020-09-18,140.0
2020-09-21,141.0
2020-09-22,144.0
2020-09-23,145.0
2020-09-24,147.0
2020-09-25,145.0
2020-09-28,145.0
2020-09-29,146.0
2020-09-30,146.0
2020-10-01,147.0
2020-10-02,150.0
2020-10-05,150.0
2020-10-06,152.0
2020-10-07,155.0
2020-10-08,158.0
2020-10-09,167.0
2020-10-13,166.0
2020-10-14,167.0
2020-10-15,171.0
2020-10-16,178.0
2020-10-19,181.0
2020-10-20,180.0
2020-10-21,183.0
2020-10-22,190.0
2020-10-23,195.0
2020-10-26,190.0
2020-10-27,181.0
2020-10-28,178.0
2020-10-29,175.0
2020-10-30,169.0
2020-11-02,168.0
2020-11-03,165.0
2020-11-04,161.0
2020-11-05,157.0
2020-11-06,157.0
2020-11-09,151.0
2020-11-10,149.0
2020-11-11,162.0
2020-11-12,167.0
2020-11-13,172.0
2020-11-16,162.0
2020-11-17,163.0
2020-11-18,164.0
2020-11-19,163.0
2020-11-20,161.0
2020-11-24,160.0
2020-11-25,158.0
2020-11-26,157.0
2020-11-27,156.0
2020-11-30,155.0
2020-12-01,153.0
2020-12-02,153.0
2020-12-03,151.0
2020-12-04,150.0
2020-12-09,149.0
2020-12-10,146.0
2020-12-11,148.0
2020-12-14,151.0
2020-12-15,151.0
2020-12-16,150.0
2020-12-17,149.0
2020-12-18,150.0
2020-12-21,150.0
2020-12-22,151.0
2020-12-23,159.0
2020-12-28,164.0
2020-12-29,165.0
2020-12-30,166.0
2021-01-04,165.0
2021-01-05,160.0
2021-01-06,160.0
2021-01-07,162.0
2021-01-08,161.0
2021-01-11,159.0
2021-01-12,159.0
2021-01-13,160.0
2021-01-14,159.0
2021-01-15,159.0
2021-01-19,157.0
2021-01-20,156.0
2021-01-21,156.0
2021-01-22,156.0
2021-01-25,156.0
2021-01-26,156.0
2021-01-27,154.0
2021-01-28,154.0
2021-01-29,153.0
2021-02-01,153.0
2021-02-02,153.0
2021-02-03,153.0
2021-02-04,150.0
2021-02-05,151.0
2021-02-08,151.0
2021-02-09,152.0
2021-02-10,151.0
2021-02-11,149.0
2021-02-12,150.0
2021-02-17,149.0
2021-02-18,148.0
2021-02-19,147.0
2021-02-22,147.0
2021-02-23,146.0
2021-02-24,145.0
2021-02-25,143.0
2021-02-26,146.0
2021-03-01,146.0
2021-03-02,145.0
2021-03-03,145.0
2021-03-04,144.0
2021-03-05,144.0
2021-03-08,144.0
2021-03-09,144.0
2021-03-10,143.0
2021-03-11,140.0
2021-03-12,142.0
2021-03-15,146.0
2021-03-16,144.0
2021-03-17,144.0
2021-03-18,144.0
2021-03-19,144.0
2021-03-22,144.0
2021-03-23,143.0
2021-03-25,143.0
2021-03-26,142.0
2021-03-29,142.0
2021-03-30,141.0
2021-03-31,141.0
2021-04-05,140.0
2021-04-06,140.0
2021-04-07,139.0
2021-04-08,140.0
2021-04-09,140.0
2021-04-12,142.0
2021-04-13,142.0
2021-04-14,143.0
2021-04-15,143.0
2021-04-16,142.0
2021-04-19,143.0
2021-04-20,143.0
2021-04-21,144.0
2021-04-22,147.0
2021-04-23,152.0
2021-04-26,158.0
2021-04-27,161.0
2021-04-28,162.0
2021-04-29,154.0
2021-04-30,150.0
2021-05-03,153.0
2021-05-04,154.0
2021-05-05,151.0
2021-05-06,151.0
2021-05-07,151.0
2021-05-10,152.0
2021-05-11,151.0
2021-05-12,152.0
2021-05-13,151.0
2021-05-14,153.0
2021-05-17,153.0
2021-05-18,156.0
2021-05-19,156.0
2021-05-20,155.0
2021-05-21,153.0
2021-05-24,153.0
2021-05-26,155.0
2021-05-27,157.0
2021-05-28,157.0
2021-05-31,157.0
2021-06-01,155.0
2021-06-02,156.0
2021-06-03,156.0
2021-06-04,157.0
2021-06-07,157.0
2021-06-08,156.0
2021-06-09,156.0
2021-06-10,157.0
2021-06-11,158.0
2021-06-14,158.0
2021-06-15,160.0
2021-06-16,163.0
2021-06-17,163.0
2021-06-18,164.0
2021-06-22,165.0
2021-06-23,166.0
2021-06-24,170.0
2021-06-25,174.0
2021-06-28,173.0
2021-06-29,170.0
2021-06-30,168.0
2021-07-01,169.0
2021-07-02,170.0
2021-07-05,171.0
2021-07-06,171.0
2021-07-07,172.0
2021-07-08,174.0
2021-07-12,177.0
2021-07-13,176.0
2021-07-14,177.0
2021-07-15,178.0
2021-07-16,179.0
2021-07-19,180.0
2021-07-20,182.0
2021-07-21,182.5
2021-07-22,184.5
2021-07-23,184.5
2021-07-26,185.0
2021-07-27,183.0
2021-07-28,180.0
2021-07-29,180.0
2021-07-30,180.5
2021-08-02,180.5
2021-08-03,180.5
2021-08-04,180.5
2021-08-05,180.5
2021-08-06,178.5
2021-08-09,179.0
2021-08-10,178.0
2021-08-11,178.0
2021-08-12,178.5
2021-08-13,182.0
2021-08-17,183.0
2021-08-18,182.0
2021-08-19,181.5
2021-08-20,182.0
2021-08-23,182.0
2021-08-24,182.0
2021-08-25,181.5
2021-08-26,181.5
2021-08-27,182.0
2021-08-30,182.0
2021-08-31,182.0
2021-09-01,180.5
2021-09-02,181.0
2021-09-03,182.0
2021-09-06,182.0
2021-09-07,183.5
2021-09-08,187.0
2021-09-09,186.5
2021-09-10,185.0
2021-09-13,181.0
2021-09-14,182.5
2021-09-15,185.0
2021-09-16,186.0
2021-09-17,185.0
2021-09-20,184.0
2021-09-21,184.0
2021-09-22,185.0
2021-09-23,185.0
2021-09-24,186.0
2021-09-27,186.5
2021-09-28,187.0
2021-09-29,187.0
2021-09-30,186.0
2021-10-01,186.0
2021-10-04,185.0
2021-10-05,185.0
2021-10-06,185.5
2021-10-07,184.5
2021-10-12,185.0
2021-10-13,185.0
2021-10-14,185.5
2021-10-15,186.5
2021-10-18,185.5
2021-10-19,187.0
2021-10-20,188.0
2021-10-21,191.0
2021-10-22,195.0
2021-10-25,194.0
2021-10-26,196.0
2021-10-27,197.0
2021-10-28,198.0
2021-10-29,197.5
2021-11-01,196.5
2021-11-02,197.5
2021-11-03,199.0
2021-11-04,199.0
2021-11-05,199.0
2021-11-08,199.0
2021-11-09,199.5
2021-11-10,205.0
2021-11-11,206.5
2021-11-12,200.0
2021-11-15,199.5
2021-11-16,200.5
2021-11-17,201.5
2021-11-18,201.0
2021-11-19,201.5
2021-11-23,201.0
2021-11-24,200.5
2021-11-25,201.0
2021-11-26,201.0
2021-11-29,201.0
2021-11-30,201.5
2021-12-01,200.5
2021-12-02,200.5
2021-12-03,200.5
2021-12-06,199.0
2021-12-07,198.0
2021-12-09,196.0
2021-12-10,196.5
2021-12-13,195.5
2021-12-14,196.5
2021-12-15,198.5
2021-12-16,198.5
2021-12-17,200.0
2021-12-20,200.0
2021-12-21,199.0
2021-12-22,200.5
2021-12-23,204.0
2021-12-27,203.5
2021-12-28,206.0
2021-12-29,209.0
2021-12-30,208.0
2022-01-03,206.0
2022-01-04,206.5
2022-01-05,207.5
2022-01-06,208.5
2022-01-07,208.0
2022-01-10,206.0
2022-01-11,209.0
2022-01-12,208.5
2022-01-13,209.5
2022-01-14,209.5
2022-01-17,209.0
2022-01-18,211.0
2022-01-19,213.0
2022-01-20,214.0
2022-01-21,219.0
2022-01-24,219.0
2022-01-25,219.5
2022-01-26,221.0
2022-01-27,222.5
2022-01-28,212.5
2022-01-31,213.0
2022-02-01,214.0
2022-02-02,216.5
2022-02-03,216.0
2022-02-04,214.0
2022-02-07,214.0
2022-02-08,215.0
2022-02-09,217.0
2022-02-10,215.5
2022-02-11,215.5
2022-02-14,215.0
2022-02-15,215.0
2022-02-16,215.0
2022-02-17,214.0
2022-02-18,211.0
2022-02-21,211.5
2022-02-22,210.0
2022-02-23,210.0
2022-02-24,210.5
2022-02-25,211.0
2022-03-02,206.0
2022-03-03,204.0
2022-03-04,201.0
2022-03-07,201.0
2022-03-08,202.0
2022-03-09,204.5
2022-03-10,203.0
2022-03-11,202.0
2022-03-14,200.0
2022-03-15,200.0
2022-03-16,202.0
2022-03-17,202.0
2022-03-18,202.5
2022-03-21,202.0
2022-03-22,201.0
2022-03-23,201.0
2022-03-25,202.0
2022-03-28,200.0
2022-03-29,200.0
2022-03-30,201.0
2022-03-31,200.0
2022-04-01,200.0
2022-04-04,199.0
2022-04-05,196.0
2022-04-06,196.0
2022-04-07,196.0
2022-04-08,196.5
2022-04-11,195.0
2022-04-12,195.0
2022-04-13,195.0
2022-04-18,195.0
2022-04-19,198.0
2022-04-20,199.5
2022-04-21,202.0
2022-04-22,203.0
2022-04-25,205.5
2022-04-26,212.5
2022-04-27,206.5
2022-04-28,204.0
2022-04-29,200.5
2022-05-02,201.0
2022-05-03,203.5
2022-05-04,201.0
2022-05-05,201.5
2022-05-06,201.0
2022-05-09,201.5
2022-05-10,202.0
2022-05-11,205.0
2022-05-12,203.5
2022-05-13,203.5
2022-05-16,205.0
2022-05-17,208.0
2022-05-19,206.0
2022-05-20,204.0
2022-05-23,206.5
2022-05-24,208.0
2022-05-26,207.0
2022-05-27,206.5
2022-05-30,206.5
2022-05-31,206.0
2022-06-01,206.0
2022-06-02,206.0
2022-06-03,205.0
2022-06-06,205.0
2022-06-07,206.0
2022-06-08,208.0
2022-06-09,208.0
2022-06-10,210.0
2022-06-13,216.0
2022-06-14,224.0
2022-06-15,217.0
2022-06-16,216.0
2022-06-21,220.0
2022-06-22,224.0
2022-06-23,224.0
2022-06-24,226.0
2022-06-27,232.0
2022-06-28,239.0
2022-06-29,239.0
2022-06-30,238.0
2022-07-01,239.0
2022-07-04,260.0
2022-07-05,252.0
2022-07-06,255.0
2022-07-07,257.0
2022-07-08,273.0
2022-07-11,268.0
2022-07-12,272.0
2022-07-13,283.0
2022-07-14,289.0
2022-07-15,293.0
2022-07-18,291.0
2022-07-19,301.0
2022-07-20,317.0
2022-07-21,337.0
2022-07-22,338.0
2022-07-25,322.0
2022-07-26,323.0
2022-07-27,326.0
2022-07-28,314.0
2022-07-29,296.0
2022-08-01,282.0
2022-08-02,291.0
2022-08-03,298.0
2022-08-04,291.0
2022-08-05,293.0
2022-08-08,292.0
2022-08-09,293.0
2022-08-10,295.0
2022-08-11,297.0
2022-08-12,295.0
2022-08-16,291.0
2022-08-17,292.0
2022-08-18,293.0
2022-08-19,295.0
2022-08-22,292.0
2022-08-23,297.0
2022-08-24,295.0
2022-08-25,293.0
2022-08-26,292.0
2022-08-29,292.0
2022-08-30,291.0
2022-08-31,290.0
2022-09-01,285.0
2022-09-02,285.0
2022-09-05,270.0
2022-09-06,276.0
2022-09-07,284.0
2022-09-08,280.0
2022-09-09,274.0
2022-09-12,272.0
2022-09-13,273.0
2022-09-14,277.0
2022-09-15,276.0
2022-09-16,277.0
2022-09-19,277.0
2022-09-20,287.0
2022-09-21,287.0
2022-09-22,287.0
2022-09-23,287.0
2022-09-26,286.0
2022-09-27,286.0
2022-09-28,290.0
2022-09-29,288.0
2022-09-30,288.0
2022-10-03,284.0
2022-10-04,282.0
2022-10-05,282.0
2022-10-06,277.0
2022-10-11,280.0
2022-10-12,289.0
2022-10-13,291.0
2022-10-14,290.0
2022-10-17,287.0
2022-10-18,290.0
2022-10-19,292.0
2022-10-20,291.0
2022-10-21,291.0
2022-10-24,291.0
2022-10-25,293.0
2022-10-26,292.0
2022-10-27,291.0
2022-10-28,292.0
2022-10-31,290.0
2022-11-01,290.0
2022-11-02,291.0
2022-11-03,287.0
2022-11-04,289.0
2022-11-07,290.0
2022-11-08,291.0
2022-11-09,292.0
2022-11-10,292.0
2022-11-11,293.0
2022-11-14,294.0
2022-11-15,302.0
2022-11-16,308.0
2022-11-17,307.0
2022-11-18,307.0
2022-11-22,308.0
2022-11-23,312.0
2022-11-24,319.0
2022-11-25,320.0
2022-11-28,318.0
2022-11-29,315.0
2022-11-30,314.0
2022-12-01,313.0
2022-12-02,312.0
2022-12-05,312.0
2022-12-06,315.0
2022-12-07,316.0
2022-12-12,312.0
2022-12-13,315.0
2022-12-14,320.0
2022-12-15,320.0
2022-12-16,321.0
2022-12-19,325.0
2022-12-20,326.0
2022-12-21,325.0
2022-12-22,330.0
2022-12-23,340.0
2022-12-26,346.0
2022-12-27,356.0
2022-12-28,357.0
2022-12-29,350.0
2022-12-30,346.0
2023-01-02,342.0
2023-01-03,354.0
2023-01-04,354.0
2023-01-05,353.0
2023-01-06,354.0
2023-01-09,354.0
2023-01-10,355.0
2023-01-11,359.0
2023-01-12,359.0
2023-01-13,361.0
2023-01-16,369.0
2023-01-17,370.0
2023-01-18,378.0
2023-01-19,377.0
2023-01-20,374.0
2023-01-23,376.0
2023-01-24,376.0
2023-01-25,381.0
2023-01-26,383.0
2023-01-27,385.0
2023-01-30,386.0
2023-01-31,383.0
2023-02-01,381.0
2023-02-02,377.0
2023-02-03,378.0
2023-02-06,379.0
2023-02-07,373.0
2023-02-08,381.0
2023-02-09,381.0
2023-02-10,379.0
2023-02-13,377.0
2023-02-14,379.0
2023-02-15,379.0
2023-02-16,378.0
2023-02-17,377.0
2023-02-20,377.0
2023-02-21,377.0
2023-02-22,377.0
2023-02-23,377.0
2023-02-24,379.0
2023-02-27,379.0
2023-02-28,377.0
2023-03-01,375.0
2023-03-02,375.0
2023-03-03,377.0
2023-03-06,375.0
2023-03-07,372.0
2023-03-08,371.0
2023-03-09,378.0
2023-03-10,373.0
2023-03-13,373.0
2023-03-14,377.0
2023-03-15,377.0
2023-03-16,379.0
2023-03-17,383.0
2023-03-20,383.0
2023-03-21,386.0
2023-03-22,394.0
2023-03-23,391.0
2023-03-27,389.0
2023-03-28,390.0
2023-03-29,397.0
2023-03-30,393.0
2023-03-31,393.0
2023-04-03,395.0
2023-04-04,392.0
2023-04-05,392.0
2023-04-10,392.0
2023-04-11,391.0
2023-04-12,394.0
2023-04-13,398.0
2023-04-14,400.0
2023-04-17,408.0
2023-04-18,418.0
2023-04-19,423.0
2023-04-20,432.0
2023-04-21,442.0
2023-04-24,462.0
2023-04-25,495.0
2023-04-26,474.0
2023-04-27,467.0
2023-05-02,469.0
2023-05-03,474.0
2023-05-04,469.0
2023-05-05,468.0
2023-05-08,469.0
2023-05-09,470.0
2023-05-10,471.0
2023-05-11,472.0
2023-05-12,475.0
2023-05-15,474.0
2023-05-16,483.0
2023-05-17,488.0
2023-05-18,487.0
2023-05-19,488.0
2023-05-22,486.0
2023-05-23,490.0
2023-05-24,492.0
2023-05-29,493.0
2023-05-30,492.0
2023-05-31,493.0
2023-06-01,490.0
2023-06-02,490.0
2023-06-05,490.0
2023-06-06,485.0
2023-06-07,484.0
2023-06-08,484.0
2023-06-09,483.0
2023-06-12,484.0
2023-06-13,489.0
2023-06-14,496.0
2023-06-15,487.0
2023-06-16,492.0
2023-06-21,492.0
2023-06-22,493.0
2023-06-23,495.0
2023-06-26,493.0
2023-06-27,496.0
2023-06-28,496.0
2023-06-29,494.0
2023-06-30,493.0
2023-07-03,495.0
2023-07-04,493.0
2023-07-05,492.0
2023-07-06,491.0
2023-07-07,492.0
2023-07-10,495.0
2023-07-11,498.0
2023-07-12,503.0
2023-07-13,512.0
2023-07-14,522.0
2023-07-17,520.0
2023-07-18,520.0
2023-07-19,525.0
2023-07-20,525.0
2023-07-21,529.0
2023-07-24,552.0
2023-07-25,536.0
2023-07-26,546.0
2023-07-27,553.0
2023-07-28,551.0
2023-07-31,550.0
2023-08-01,560.0
2023-08-02,560.0
2023-08-03,570.0
2023-08-04,574.0
2023-08-07,596.0
2023-08-08,596.0
2023-08-09,600.0
2023-08-10,602.0
2023-08-11,605.0
2023-08-14,685.0
2023-08-15,730.0
2023-08-16,780.0
2023-08-17,760.0
2023-08-18,720.0
2023-08-22,727.0
2023-08-23,735.0
2023-08-24,725.0
2023-08-25,730.0
2023-08-28,738.0
2023-08-29,750.0
2023-08-30,740.0
2023-08-31,735.0
2023-09-01,735.0
2023-09-04,730.0
2023-09-05,725.0
2023-09-06,720.0
2023-09-07,720.0
2023-09-08,710.0
2023-09-11,717.0
2023-09-12,730.0
2023-09-13,735.0
2023-09-14,722.0
2023-09-15,730.0
2023-09-18,738.0
2023-09-19,740.0
2023-09-20,735.0
2023-09-21,745.0
2023-09-22,745.0
2023-09-25,745.0
2023-09-26,758.0
2023-09-27,773.0
2023-09-28,790.0
2023-09-29,800.0
2023-10-02,800.0
2023-10-03,810.0
2023-10-04,810.0
2023-10-05,843.0
2023-10-06,880.0
2023-10-09,945.0
2023-10-10,1010.0
2023-10-11,1010.0
2023-10-12,980.0
2023-10-17,985.0
2023-10-18,905.0
2023-10-19,900.0
2023-10-20,900.0
2023-10-23,1100.0
2023-10-24,1100.0
2023-10-25,1000.0
2023-10-26,980.0
2023-10-27,990.0
2023-10-30,970.0
2023-10-31,920.0
2023-11-01,915.0
2023-11-02,925.0
2023-11-03,925.0
2023-11-07,890.0
2023-11-08,890.0
2023-11-09,950.0
2023-11-10,960.0
2023-11-13,925.0
2023-11-14,925.0
2023-11-15,970.0
2023-11-16,950.0
2023-11-17,950.0
2023-11-21,1075.0
2023-11-22,1080.0
2023-11-23,1045.0
2023-11-24,995.0
2023-11-27,999.0
2023-11-28,945.0
2023-11-29,925.0
2023-11-30,905.0
2023-12-01,955.0
2023-12-04,930.0
2023-12-05,910.0
2023-12-06,955.0
2023-12-07,990.0
2023-12-11,1000.0
2023-12-12,1070.0
2023-12-13,1070.0
2023-12-14,990.0
2023-12-15,970.0
2023-12-18,985.0
2023-12-19,995.0
2023-12-20,995.0
2023-12-21,990.0
2023-12-22,995.0
2023-12-26,995.0
2023-12-27,1000.0
2023-12-28,1000.0
2023-12-29,1025.0
2024-01-02,1005.0
2024-01-03,1005.0
2024-01-04,1020.0
2024-01-05,1025.0
2024-01-08,1050.0
2024-01-09,1120.0
2024-01-10,1150.0
2024-01-11,1120.0
2024-01-12,1120.0
2024-01-15,1130.0
2024-01-16,1180.0
2024-01-17,1225.0
2024-01-18,1225.0
2024-01-19,1220.0
2024-01-22,1235.0
2024-01-23,1255.0
2024-01-24,1255.0
2024-01-25,1245.0
2024-01-26,1245.0
2024-01-29,1225.0
2024-01-30,1215.0
2024-01-31,1195.0
2024-02-01,1195.0
2024-02-02,1175.0
2024-02-05,1160.0
2024-02-06,1145.0
2024-02-07,1170.0
2024-02-08,1145.0
2024-02-09,1145.0
2024-02-14,1105.0
2024-02-15,1075.0
2024-02-16,1095.0
2024-02-19,1110.0
2024-02-20,1115.0
2024-02-21,1115.0
2024-02-22,1085.0
2024-02-23,1085.0
2024-02-26,1080.0
2024-02-27,1070.0
2024-02-28,1045.0
2024-02-29,1045.0
2024-03-01,1030.0
2024-03-04,1050.0
2024-03-05,1015.0
2024-03-06,1010.0
2024-03-07,990.0
2024-03-08,985.0
2024-03-11,995.0
2024-03-12,1005.0
2024-03-13,1020.0
2024-03-14,1035.0
2024-03-15,1025.0
2024-03-18,1025.0
2024-03-19,1025.0
2024-03-20,1035.0
2024-03-21,1030.0
2024-03-22,1020.0
2024-03-25,1020.0
2024-03-26,1020.0
2024-03-27,1010.0
2024-04-03,1005.0
2024-04-04,1000.0
2024-04-05,985.0
2024-04-08,985.0
2024-04-09,1000.0
2024-04-10,1000.0
2024-04-11,1000.0
2024-04-12,1005.0
2024-04-15,1015.0
2024-04-16,1035.0
2024-04-17,1030.0
2024-04-18,1025.0
2024-04-19,1015.0
2024-04-22,1035.0
2024-04-23,1030.0
2024-04-24,1035.0
2024-04-25,1055.0
2024-04-26,1055.0
2024-04-29,1045.0
2024-04-30,1040.0
2024-05-02,1040.0
2024-05-03,1040.0
2024-05-06,1045.0
2024-05-07,1040.0
2024-05-08,1040.0
2024-05-09,1045.0
2024-05-10,1040.0
2024-05-13,1045.0
2024-05-14,1070.0
2024-05-15,1100.0
2024-05-16,1100.0
2024-05-17,1105.0
2024-05-20,1180.0
2024-05-21,1230.0
2024-05-22,1275.0
2024-05-23,1280.0
2024-05-24,1220.0
2024-05-27,1205.0
2024-05-28,1210.0
2024-05-29,1230.0
2024-05-30,1230.0
2024-05-31,1225.0
2024-06-03,1235.0
2024-06-04,1265.0
2024-06-05,1250.0
2024-06-06,1250.0
2024-06-07,1265.0
2024-06-10,1280.0
2024-06-11,1295.0
2024-06-12,1285.0
2024-06-13,1245.0
2024-06-14,1245.0
2024-06-18,1305.0
2024-06-19,1300.0
2024-06-24,1330.0
2024-06-25,1365.0
2024-06-26,1365.0
2024-06-27,1355.0
2024-06-28,1365.0
2024-07-01,1405.0
2024-07-02,1430.0
2024-07-03,1405.0
2024-07-04,1405.0
2024-07-05,1420.0
2024-07-08,1440.0
2024-07-10,1450.0
2024-07-11,1465.0
2024-07-12,1500.0
2024-07-15,1415.0
2024-07-16,1405.0
2024-07-17,1455.0
2024-07-18,1455.0
2024-07-19,1445.0
2024-07-22,1440.0
2024-07-23,1445.0
2024-07-24,1450.0
2024-07-25,1445.0
2024-07-26,1435.0
2024-07-29,1415.0
2024-07-30,1385.0
2024-07-31,1370.0
2024-08-01,1380.0
2024-08-02,1395.0
2024-08-05,1390.0
2024-08-06,1375.0
2024-08-07,1385.0
2024-08-08,1375.0
2024-08-09,1355.0
2024-08-12,1355.0
2024-08-13,1360.0
2024-08-14,1355.0
2024-08-15,1350.0
2024-08-16,1345.0
2024-08-19,1350.0
2024-08-20,1355.0
2024-08-21,1355.0
2024-08-22,1350.0
2024-08-23,1350.0
2024-08-26,1350.0
2024-08-27,1340.0
2024-08-28,1335.0
2024-08-29,1315.0
2024-08-30,1305.0
